Object1ID	Object1Type	Object1PrefName	Object1TextSynonyms	Object2ID	Object2Type	Object2PrefName	Object2TextSynonyms	Predicate	Direction	ConfidenceScore	n_sentences	n_pmids	SupportPMIDs
627	Gene	BDNF	BDNF; glial cell line-derived neurotrophic factor; 5-HT1A receptor; 5-HT(1A) receptor; 5-HT(1A); 5-HT(2A) receptor; 5HTT-LPR; NMDARs; 5-HT(1A)); 5-HT2AR; Neuropeptide Y; neuropeptide Y; 5-HT receptor; DRD1-5; EAT-26; FK506 binding protein 5; FK506-binding protein 5; MAOA-uVNTR; sBDNF; 5-HT 2A receptor; 5-HT transporter; 5HTTLPR-rs25531; BDI-II; D2/3 receptor; disrupted-in-schizophrenia 1; dopamine D2 receptor; serotonin (5-HT) 2A receptor; serotonin (5-HT) transporter; serotonin-1A receptor; tPA-BDNF; tPA-plasminogen; 5-HT 2A receptors; 5-HT(1A) receptors; 5-HT(1A)-; 5-HT(1B) receptor; 5-HT(1B) receptors; 5-HT(2A )receptor; 5-HT(2A) receptors; 5-HT(6); 5-HT(6) receptor; 5-HT1A receptors; 5-HT₄ receptor; 5-hydroxytryptamine 1A receptor; 5-hydroxytryptamine receptor 2A; adrenocorticotropic hormone; BDNF-dependent; BDNF-signaling; corticotropin-releasing factor-binding protein; Cyclic AMP response element binding protein; FK506 Binding Protein 5; glial fibrillary acidic protein; Glx; HTR1A-independent; pBDNF; Serotonin (5-HT) receptors; serotonin 1A (5-HT1A) receptor; serotonin 5-HT 1A receptors; serotonin-1A (5-HT(1A)) receptor; serotonin-1A (5-HT1A) receptor; serotonin-1A (5-HT1A) receptors; Serotonin-1A receptor; serotonin-1A receptors	1470	Disease	major depressive disorder	MDD; depression; major depressive disorder; major depression; depressed; depressive; MD; depressive symptoms; Major Depressive Disorder; Depression; MDE; major depressive episode; major depressive; depressive disorder; major depressive disorders; Major depression; Major Depression; Major depressive disorder; Depressed; depressed mood; Depressive; depressive symptom; major depression disorder; recurrent depressive disorder; unipolar depression; unipolar depressive disorder; unipolar major depressive episode	is associated with susceptibility to	<-	0.594297	739	300	9513185; 11317230; 11702016; 11840315; 11927139; 12399944; 12422060; 12422061; 12632246; 12842310; 14507979; 14582140; 14744461; 14962629; 15042104; 15488265; 15539859; 15567209; 15694233; 15728438; 16005437; 16154547; 16319503; 16448701; 16555165; 16797081; 16890377; 16904252; 17036259; 17134810; 17173978; 17196755; 17284168; 17404118; 17505499; 17510948; 17553570; 17563921; 17585940; 17588547; 17599466; 17875039; 17920693; 17941097; 17971260; 18262703; 18281099; 18406398; 18600033; 18679038; 18785206; 18803170; 18848359; 18929445; 19105200; 19111907; 19194961; 19215942; 19223156; 19236730; 19352215; 19357553; 19371767; 19376528; 19414708; 19423080; 19428704; 19441668; 19473709; 19576267; 19589373; 19699537; 19730445; 19813033; 19835669; 19935737; 20016225; 20033742; 20067661; 20124106; 20195291; 20196181; 20202475; 20207421; 20226536; 20346518; 20480149; 20497898; 20667172; 20674983; 20682308; 20703451; 20714169; 20726825; 20848875; 20856249; 21103954; 21129438; 21179660; 21188787; 21218562; 21247257; 21312291; 21420735; 21422768; 21449006; 21638327; 21692988; 21912391; 21912609; 22036038; 22064163; 22094229; 22194899; 22244515; 22247094; 22292883; 22447660; 22498307; 22585743; 22609366; 22761741; 22801293; 22844024; 22880079; 22883353; 22961097; 22965830; 23022671; 23063133; 23128924; 23165919; 23183131; 23221974; 23250003; 23468908; 23583029; 23683269; 23733090; 23793276; 23817357; 23856279; 23866280; 23960204; 24018547; 24035672; 24140302; 24434345; 24435333; 24462335; 24562062; 24577123; 24607934; 24608543; 24683520; 24764546; 24801750; 24899094; 24927283; 25044977; 25073431; 25074447; 25189990; 25191701; 25258340; 25451398; 25500322; 25501804; 25510949; 25522384; 25543333; 25658497; 25665863; 25745134; 26010085; 26013316; 26078197; 26117067; 26175142; 26176177; 26285129; 26313133; 26462036; 26854819; 26859236; 26876488; 26921055; 26935651; 26956059; 26976307; 27018938; 27030168; 27174729; 27212180; 27261564; 27277475; 27549215; 27613282; 27756686; 27895323; 27994504; 28246044; 28375203; 28550365; 28608854; 28656803; 28688265; 28738332; 28833192; 28848102; 28870407; 28942954; 28970569; 28977521; 29280414; 29310728; 29332095; 29414128; 29432620; 29516593; 29703883; 29802070; 30125821; 30269040; 30273985; 30308049; 30445385; 30526722; 30548775; 30583245; 30589396; 30640051; 30677092; 30794585; 30986693; 31000384; 31295515; 31449911; 31465895; 31610810; 31636250; 31711978; 31721892; 31792367; 32027188; 32065946; 32085720; 32090756; 32118691; 32203159; 32253447; 32731218; 32844885; 32869548; 32891918; 32991522; 33186562; 33314505; 33560444; 33834404; 33878808; 34023306; 34175594; 34280516; 34325733; 34418778; 34555145; 34637870; 34715162; 34928896; 35024737; 35605794; 35843368; 36173064; 36739789; 36848775; 37047730; 37078814; 37267732; 37394539; 37759825; 37769873; 38002980; 38069144; 38636352; 38664360; 38701878; 39244009; 39998568; 40103195; 40816605; 40912327; 41022654; 41300755; 41606417; 41631468; 41825795; 42090938; 42098897; 42263954
1956	Gene	EGFR	ghrelin; adiponectin; oxytocin; dopamine transporter; COVID-19; NMDAR; mineralocorticoid receptor; dopamine receptor; IL-12; Interleukin-1β; piccolo; EGFR; orexin; PKA; Toll-like receptor; CD3; endothelin-1; fibrinogen; G protein beta3; granulocyte-colony stimulating factor; H3K4me3; IL-1α; IL-6 receptor; interleukin 1β; major histocompatibility complex; orexin A; orexin B; purinergic receptor; resistin; ACE-only; alpha7 nAChR; angiotensin receptor type 1; BDNF-cytokine; beta3 subunit of G protein; C1q; COVID; COVID-positive; Dopamine 2 receptor; dopamine 2 receptor; dopamine receptor 2; dopamine type-1 receptor; extracellular-regulated protein kinase; fatty acid desaturase; FGF; FGFs; galectin-3; Gαi3; HANDS; intercellular adhesion molecule 1; interleukin-1; neuregulin-1; nicotine receptor; Oestrogen receptor; oestrogen receptor; orexin receptor; Oxytocin; Piccolo-encoding; Purinergic receptor; sortilin; tenascin-C; Toll-like receptors; β-Arrestin 1; 2B subunit of the NMDAR; adenylate cyclase 5; Adiponectin; albumin; AMPA receptor; angiotensin II; angiotensin receptor II type 1; angiotensin receptor type I; angiotensin receptor type II; attenuated AVP; BDNF-HA2TAT; beta-arrestin 1; D2 dopamine receptor; dopamine; dopamine D3 receptor; epithelial membrane protein 1; ErbB; fatty acid-binding protein 2; G-protein beta 3; G-protein beta-3 subunit; G-protein beta3; G-protein beta3 subunit; G-protein coupled receptor protein; G-protein stimulatory alpha subunit; GABA; GABA(B); Ghrelin; Glucocorticoid and mineralocorticoid receptor; Hippo; HTR3A/B; IgG; IL-1 family cytokine; IL-1 receptor antagonist; Matrix Metalloproteinase-9; miR-181a; miR-218-5p; mTOR-BDNF; Neuregulin 1; neurokinin receptor-1; NK-1R; NO synthase-1; NRG1-associated; Nuclear Receptor Subfamily 3 Group C Member 1; nuclear receptor subfamily 3 group C member 1; Nuclear Receptor Subfamily 3, Group C, Member 1; occludin; oestrogen receptor α and β; orexin receptor 1 and 2; pERK1/2; Peroxisome proliferator-activated receptors; Piccolo; pituitary adenylate cyclase-activating polypeptide; plasmin; programmed death-1; protein kinase A; Resistin; suPAR; thrombin; transmembrane TNF receptor superfamily member 1B; tumor necrosis factor receptor 2; vesicular acetylcholine transporter; zonulin; α7 nAChR; βAR	1470	Disease	major depressive disorder	MDD; depression; major depressive disorder; major depression; depressive symptoms; depressed; depressive; Depression; Major Depressive Disorder; major depressive disorders; MD; Depressed; Depressive; depressive episode; depressive symptom; Depressive symptoms; Depressive Symptoms; major depressive; Major depressive disorder; major depressive episode; MDE	is associated with susceptibility to	<-	0.570739	307	178	9592048; 11440776; 11532536; 12116190; 14514499; 14604448; 14647404; 14754776; 15296823; 16024091; 16192984; 16302021; 16476149; 16487942; 16497334; 16583407; 16623961; 17434456; 17499413; 17536067; 17889834; 17943025; 17963976; 18317531; 18325652; 18929445; 18929622; 18946469; 19065144; 19111907; 19165777; 19500216; 19573263; 19694629; 19846118; 19913919; 19914336; 19922906; 20376317; 20382196; 20391341; 20492842; 20701824; 21146590; 21150814; 21217099; 21304140; 21335057; 21804148; 21807767; 22036795; 22386049; 22482744; 22521148; 22796099; 22819931; 22832503; 22832909; 22862888; 22948519; 23142211; 23602648; 23620758; 23627666; 24074516; 24114429; 24140302; 24340071; 24454710; 24473443; 24555772; 24643163; 24927283; 25001963; 25079305; 25155940; 25294870; 25765757; 25802980; 26013316; 26283642; 26351673; 26440730; 26575253; 26935651; 27091600; 27232630; 27549215; 27639288; 28246044; 28459660; 28478778; 28582570; 28844626; 28911006; 28953777; 29025075; 29305581; 29310728; 29507199; 29860184; 30005189; 30005278; 30170236; 30562581; 30596528; 30664971; 30771788; 30877270; 30878306; 31252530; 31307045; 31323278; 31693974; 31753725; 31912349; 32272297; 32313032; 32496844; 33208058; 33227557; 33352408; 33932528; 33934604; 34030164; 34032542; 34280516; 34467747; 34632689; 34887528; 34931016; 34990745; 35024737; 35133451; 35213631; 35597333; 35953127; 36209675; 36409748; 36436175; 36447174; 36650549; 36764567; 36848775; 36917155; 36947895; 36949324; 37070163; 37139744; 37148522; 37329382; 37385389; 37443383; 38348641; 38507869; 38583598; 38631553; 38677624; 38759494; 38801921; 38948066; 39350553; 39645539; 39841732; 39849211; 40138763; 40226700; 40753795; 41233834; 41299718; 41343017; 41372844; 41376522; 41555748; 41563835; 41649124; 42259487; 42259492
627	Gene	BDNF	BDNF; 5-HT1A receptors; 5-HT(6); 5-HT1A receptor; FK506 binding protein 5; HTR1A/1B; mBDNF; uVNTR; 5-HT(1A) receptor; 5-HT(1A) receptors; 5-HT(1B) receptor; 5HTT-LPR; Beck Depression Inventory-II; BNDF; MAOA-uVNTR; Serotonin-1A receptors; SERT-nNOS; tPA-BDNF; tPA-plasminogen	1470	Disease	major depressive disorder	MDD; depression; major depressive disorder; major depression; depressed; depressive; depressive symptoms; depressive disorder; major depressive disorders	contributes to	<-	0.521674	98	63	11702016; 14582140; 14962629; 15486489; 15860348; 15956990; 16309851; 16319503; 16890384; 17588547; 18329817; 18561871; 18600033; 18929445; 19105200; 19215942; 19699537; 20480149; 20667172; 21103954; 22247094; 22447660; 22880079; 23128924; 23250003; 23350796; 24035672; 24219804; 25451398; 25665863; 25942044; 26047306; 26078197; 26239616; 26746809; 27008247; 28334675; 28375203; 28688265; 29182159; 29275155; 29280414; 29550938; 29689690; 30929060; 31465895; 31711978; 32063560; 33765555; 34928896; 35396024; 35858435; 35871433; 36302033; 36567366; 37267732; 37285622; 37394539; 39244009; 39998568; 40912327; 41825795; 42112461
1470	Disease	major depressive disorder	MDD; depression; major depressive disorder; depressed; major depression; MD; depressive; Major Depressive Disorder; Major depressive disorder; Depressed; depressive symptoms; major depressive; major depressive disorders; unipolar depressive	1956	Gene	EGFR	FGF; oxytocin; adiponectin; NMDAR; BDNF-targeting; mineralocorticoid receptor; Toll-like receptor; adrenergic receptor; arginase; CD3; cytoskeletal genes; fibrinogen; NO synthase; sortilin; adenylate cyclase 5; adenylate cyclase-activating polypeptide; C1q; D(4) dopamine receptor; dopamine transporter; GABA(A) receptors; ghrelin; Hippocampal; Intercellular adhesion molecule-1; interleukin-1β; miR-133a; opioid receptor; Orexin A; P2X7R; progesterone receptor-dependent; soluble IL-6 receptor; suPAR; thrombin; Toll-like receptors; transferrin receptor; ACE-exposed; AMPA receptor; arginase II; basic FGF; CB(1) receptor; dopamine D(2) receptor; dopamine D(2/3) receptor; ErbB; G protein-coupled receptor kinase 2; GABA(A) receptor; GABA(A) subunit; GABA(B) receptor subunits 1 and 2; Galectin-3; Ghrelin; GLU; Glucocorticoid and mineralocorticoid receptor; glucocorticoid receptor-dependent; GM-CSF; Gq G protein-coupled receptor; Gαi3; H3K4me3; IL-6 receptor; integrin beta-3; intercellular adhesion molecule -1; leucine-rich repeat and fibronectin type III domain containing 5; ligand-activated transcription factor; matrix metalloproteinase-9; miR-218; miR-218-5p; NEGR1-associated; neuronal NOS; NK-1R; occludin; Orexin; PDGF; phosphatidylinositol 3-kinase; protein kinase A; protein tyrosine kinase 2; regulatory subunit type II of protein kinase A; TBC1 Domain Family Member 9; Th2 cytokines; toll-like receptor; toll-like receptors; α7 nAChR	alters level of	->	0.516977	146	93	10025579; 10618463; 11244484; 11740972; 12204316; 14550678; 15363105; 15483108; 15862518; 16319917; 17130427; 17197036; 17433516; 18430502; 18643796; 19304458; 19500216; 19521111; 19668376; 19846118; 20493668; 21079608; 21195417; 21211849; 21422769; 21536333; 22036795; 22424639; 22447087; 22742979; 22880079; 22989585; 23142211; 23219225; 23219281; 23237814; 23537780; 23583694; 23644515; 24022508; 24679387; 25086307; 25155940; 25173430; 25560770; 25637439; 26415953; 27244236; 27468165; 27640899; 27773352; 28566490; 28865715; 29507199; 29898456; 30005278; 30696808; 31827384; 32063571; 32272297; 32612257; 32738668; 33341455; 34606909; 35232218; 35871353; 36409748; 36584576; 36848775; 37148522; 37169143; 37226771; 37329382; 37482560; 38166077; 38266777; 38750122; 39312335; 39350553; 39413534; 39849211; 39858460; 39922722; 40442660; 40749756; 40753795; 41077151; 41299718; 41649124; 41740874; 41914288; 42048734; 42316000
627	Gene	BDNF	BDNF; mBDNF; glial fibrillary acidic protein; adrenocorticotropic hormone; pBDNF; sBDNF; Beck Depression Inventory-II; D2/3 receptor; glial cell line-derived neurotrophic factor; Glx; 5-HT(1A) receptor; 5-HT(2A) receptor; 5-HT1A receptors; brain-derived neurotrophic factors; CA2/3; Glial Cell Line-Derived Neurotrophic Factor; Glial fibrillary acidic protein; neuropeptide Y; neurotrophic factors; Nogo-N2	1470	Disease	major depressive disorder	MDD; depression; major depression; major depressive disorder; depressed; major depressive; Depression; depressive; depressive symptoms; Major Depression; suicidal depression; Depressive; major depressive episode; MD; MDE	is a biomarker of	<-	0.512634	143	83	11063981; 15694233; 16797081; 16904252; 17462822; 17553570; 17920693; 18657799; 19111907; 19576267; 20109109; 20732374; 21179660; 21188787; 21536333; 21616544; 21774990; 21803060; 21912609; 22244515; 22498307; 22551661; 22676966; 22761741; 22880079; 23221974; 23537780; 23992681; 24562062; 24657886; 24702987; 24764546; 25173431; 25231834; 25362578; 26010085; 26175142; 26285129; 26655599; 26742791; 26859236; 27811136; 28375203; 28656803; 28819313; 28848102; 28870407; 28953776; 29334322; 29502459; 30449530; 30640051; 30929061; 31000384; 31711978; 31760473; 32085720; 32593070; 33341455; 33857523; 34600287; 35605794; 36059088; 36739789; 36860860; 37059029; 37078814; 38069144; 38542503; 38636352; 38701878; 38934178; 39191311; 39244009; 39246428; 39903675; 39961447; 40015617; 40103195; 40912415; 41535870; 42112461; 42195059
1470	Disease	major depressive disorder	MDD; depression; major depressive disorder; major depression; depressed; depressive; major depressive and; Depression; depressive disorder; major depressive disorders; depressives; major; Major Depression; major depression disorder; Major depressive disorder; MD	627	Gene	BDNF	BDNF; BDNF-dependent; 5-HT1A receptor; 5-HT1A receptors; 5-HT(1A) receptor; 5-HT(1A) receptors; glial cell line-derived neurotrophic factor; mBDNF; 5-HT transporter; 5-HT2AR; Bdnf; 5-HT(1A); 5-HT(1a) receptor; 5-HT(2A) receptors; doublecortin; neurotrophin-3; neurotrophin-4; serotonin-1A; 5-HT(1) receptors; 5-HT(1A) transcription factor; 5-HT(2) receptors; 5-HT(2A) receptor; 5-HT1A Receptor; alpha2-adrenergic receptors; BDNF receptor; dopamine D2 receptor; glial fibrillary acidic protein; PSA-NCAM; serotonin (5-hydroxytryptamine) transporter	alters level of	->	0.506225	171	88	11522260; 12457378; 12513943; 12842310; 14744461; 15483563; 15488265; 16154547; 16890377; 17337123; 17404118; 17563921; 17971260; 18313696; 18329817; 18561871; 19900711; 20033742; 20207421; 20392296; 20438792; 20513859; 20667172; 20856249; 21133708; 21612826; 21912391; 22447660; 22751491; 22880079; 22961097; 23016662; 23022470; 23128924; 23537780; 23570888; 23778854; 24657886; 24709918; 24764546; 25044977; 25106037; 25150943; 26176177; 26239616; 26655599; 28246044; 28509900; 28711621; 28819313; 29507199; 29550938; 29955033; 30093565; 30449530; 30583245; 30589396; 30640051; 30995790; 31465895; 31636250; 32027188; 32044543; 32203159; 32683649; 33173990; 33341455; 33358963; 33446284; 33560444; 33607235; 33757426; 34418778; 34772918; 34928896; 35069013; 35871433; 36039087; 36608612; 38012795; 38198075; 38256257; 39246428; 40461473; 40749756; 40816402; 41825795; 42238277
348	Gene	APOE	brain-derived neurotrophic factor; Brain-derived neurotrophic factor; brain derived neurotrophic factor; Brain Derived Neurotrophic Factor; hsCRP; neurofilament light chain	627	Gene	BDNF	BDNF; glial cell line-derived neurotrophic factor; glial fibrillary acidic protein	decreases level of	->	0.496623	41	37	14962629; 15860348; 15897674; 18329817; 18406398; 18679038; 19371767; 19576267; 19835669; 20703451; 21308467; 21616544; 22292883; 22498307; 22880079; 23128924; 23221974; 24764190; 25107590; 25305432; 25665863; 26655599; 27356518; 28301802; 29516593; 30153634; 30635928; 30771710; 32065946; 32731218; 33358963; 37429454; 38297157; 38918365; 39051900; 39152102; 41631468
627	Gene	BDNF	BDNF; 5-HT1A receptor; adrenocorticotropic hormone; 5-HT(2A) receptor; NMDARs; HTR1A/1B; 5-HT(1A) receptors; BNDF; 5-HT transporter; 5-HT(1A); 5-HT(6); 5-HT1A receptor-dependent; alpha2-adrenergic; cyclic AMP response element-binding protein 1; Cyclic-AMP response element binding protein; D2/3 receptor; dopamine D2 and 5-HT1A receptor; Dopamine D2 receptor; FK506 binding protein 5; mBDNF; Met-carriers	1470	Disease	major depressive disorder	MDD; major depressive disorder; depression; depressed; major depression; depressive; major depressive episode; depressive disorder	is a therapeutic target in	<-	0.496269	105	69	10803820; 11418281; 11702016; 11840315; 12422060; 12632246; 12728300; 12759559; 15800160; 16139805; 16259533; 16395308; 16979146; 17258370; 17337123; 17556849; 17563921; 17700035; 18359551; 18511076; 18725263; 19166896; 19223156; 19236730; 19441668; 19493959; 20494459; 21638327; 22094229; 22883353; 22926616; 23793276; 23866302; 24435333; 24577123; 24702987; 25522420; 26047306; 26556688; 27108110; 28870407; 29275155; 29332095; 29802070; 31465895; 31611000; 32065946; 32090756; 32396921; 32731218; 32869548; 33186562; 33432187; 33560444; 34433031; 34536433; 34587177; 35092755; 35605794; 35908604; 36702294; 37585254; 38622072; 38636352; 38640201; 39145838; 39407134; 39413901; 40553784
348	Gene	APOE	brain-derived neurotrophic factor; brain derived neurotrophic factor; Brain-Derived Neurotrophic Factor; Brain-derived neurotrophic factor; Brain Derived Neurotrophic Factor; C-reactive protein; hsCRP; neurotrophic factor	627	Gene	BDNF	BDNF; BDNF receptor; glial cell line-derived neurotrophic factor; mBDNF	increases level of	->	0.480350	39	34	12842310; 15617861; 16757154; 17474805; 19223156; 20346518; 20714169; 21301813; 21510922; 21803060; 22676966; 24434345; 24435333; 24702987; 24994477; 26176177; 27882645; 28284898; 28939975; 30995790; 31213212; 31760154; 32534176; 32731218; 34928896; 35123326; 35367456; 37429454; 37715385; 38622072; 39244009; 39957158; 40365616; 42215424
4524	Gene	MTHFR	MTHFR; monoamine oxidase A; BDNF-gene; acetylcholinesterase; hClock; monoamine oxidase a; MTHFR-enzyme; BP-II; hCLOCK; methyltetrahydrofolate reductase; Monoamine oxidase a	1470	Disease	major depressive disorder	MDD; major depressive disorder; depression; major depression; Depression; depressive; Major Depression; major depression disorder; Major Depressive Disorder; major depressive disorders; major depressive episodes; recurrent depressive disorder	is associated with susceptibility to	<-	0.479869	66	29	14582140; 15956990; 16223965; 16488021; 17884271; 18544183; 19224413; 19382113; 19593178; 20078943; 22511943; 22789065; 23063133; 23866280; 23900311; 24123968; 24154665; 24532086; 24751310; 24809685; 25012419; 26021967; 26926884; 27035272; 27994504; 28738332; 32524199; 32827402; 39871098
2289	Gene	FKBP5	FKBP5	627	Gene	BDNF	FK506 binding protein 5; BDNF; FK506-binding protein 5; FK506 Binding Protein 5; FK506-binding protein	interacts with	<->	0.477815	12	10	25191701; 25355489; 25422956; 25522420; 27030168; 27549215; 28246044; 29182159; 34229186; 37243534
1956	Gene	EGFR	ghrelin; BSA; suPAR; CD3; epithelial membrane protein 1; Ghrelin; Gαi3; mineralocorticoid receptor; orexin B; oxytocin; phospholipase D; Toll-like receptors; acid sphingomyelinase; adiponectin; albumin; BDNF Met; complement-mediated; COVID-19; D(4) dopamine receptor; dopamine D1 and D2 receptor; dopamine D₃ receptors; fibrinogen; G-protein; G-protein beta 3 subunit; G-protein coupled receptor protein; GABA type A receptors; GABA(A) receptors; Hippo; interleukin-1; leucine-rich, glioma inactivated 1; microRNA-9; neuromedin U; NMDAR; orexin A; osteopontin; PDGF; SNAp REceptor; Tenascin-C; toll-like receptor 4; transient receptor potential cation channel; tumor necrosis factor receptor; Wnt-CX3CL1	1470	Disease	major depressive disorder	MDD; depression; depressive; depressive symptoms; major depression; major depressive disorder; depressed; depressed mood; Depression; depressive disorder; major depressive disorders; MD	contributes to	<-	0.466398	60	43	9501247; 18580855; 19165777; 20492842; 20659151; 20864091; 21146590; 21945535; 22093107; 22455832; 22728327; 22948519; 23627666; 23733090; 25079305; 25637439; 28012610; 28225778; 28334351; 28555075; 29305581; 29507199; 30005189; 30180869; 30699855; 33775831; 34071826; 35079131; 35216557; 36045177; 36242946; 36343427; 36394763; 37148522; 37385389; 37681553; 38348641; 38948066; 39113182; 39312335; 39413534; 41077151; 41136744
627	Gene	BDNF	BDNF; 5-hydroxytryptamine receptor 1A; 5-hydroxytryptamine receptor 2A; glial cell line-derived neurotrophic factor; Glial cell line-derived neurotrophic factor; neurotrophic factors; Neurotrophin 3; Purkinje cell protein 4; tPA-BDNF	7157	Gene	TP53	neurotrophin; nerve growth factor; tropomyosin receptor kinase B; plasminogen; serotonin receptor 2A; solute carrier family 6 member 4; ERK1/2; Klotho; lysosomal ATPase; mammalian target of rapamycin complex 1; mTORC1; nitric oxide synthase; transforming growth factor beta family; transforming growth factor-β; tyrosine kinase B	is part of	->	0.461350	25	18	11032384; 16890384; 18262703; 18313696; 19560507; 19699537; 21188787; 21616539; 21774990; 24436216; 28375203; 31760473; 34628790; 35605794; 36316319; 37799103; 38084673; 38552437
3091	Gene	HIF1A	proBDNF; TRPC; tryptophan hydroxylase-2; N-methyl-d-aspartate receptor; HIF-1; HIF-1α; kappa opioid receptor; kynurenine amino transferase 3; miR-221-3p; Aquaporin-4; BDNF-TrkB; HIF1α; Monoamine transporter; N-methyl-D-aspartate receptor; nuclear factor erythroid-derived 2-like 2; ProBDNF; Ras-related; Ras-related protein; succinate dehydrogenase; translocator; translocator protein; Tryptophan hydroxylase-2; tryptophan hydroxylase‑2; tryptophan-2,3-dioxygenase; κ-Opioid Receptor	1470	Disease	major depressive disorder	MDD; depression; major depressive disorder; depressive; major depression; depressed; Depression; depressive episodes; Major Depressive Disorder	is associated with susceptibility to	<-	0.461259	52	31	17018806; 18929445; 21492941; 22521148; 22880079; 23333658; 25442791; 25763923; 25955598; 27219347; 27807918; 28375203; 28738332; 29496589; 30822678; 31753054; 32245436; 32378057; 33878808; 34655652; 35753430; 36821406; 36949310; 37047730; 38019355; 38161282; 39067530; 39244009; 40138763; 40389099; 41074959
1385	Gene	CREB1	CREB; CREB-regulated transcription coactivator 1	627	Gene	BDNF	BDNF; 5-HT2AR; Cyclic AMP response element binding protein; cyclic AMP response element-binding protein 1; cyclic amp-response element-binding protein; Cyclic-AMP response element binding protein	interacts with	<->	0.459867	14	12	17258370; 19194961; 19321972; 20494459; 21616544; 23164431; 34767111; 35452773; 35711008; 35871433; 36702294; 37782408
348	Gene	APOE	brain-derived neurotrophic factor; Brain-derived neurotrophic factor; thyroid stimulating hormone; Tissue plasminogen activator; Brain-Derived Neurotrophic Factor; thyroid-stimulating hormone	627	Gene	BDNF	BDNF; BDNF-signaling; neurotrophin-3; 5-HT1A receptor; 5-hydroxytryptamine receptor 2A; adrenocorticotropic hormone; BDNF-tyrosine kinase receptor B	positively regulates	->	0.454071	35	26	16002234; 16767416; 16797865; 17196755; 19921971; 20417690; 21612826; 23583029; 24128677; 26117067; 28236848; 31000384; 31202810; 31721892; 31734788; 32396921; 32683649; 34497360; 34715162; 36949323; 38934178; 39731037; 40367123; 40553784; 41786805; 42090938
627	Gene	BDNF	BDNF; BDNF-tyrosine kinase receptor B; tPA-BDNF; tropomyosin-receptor-kinase B	4915	Gene	NTRK2	TrkB	is part of	->	0.450520	13	7	16002234; 28375203; 28544903; 35711008; 36316319; 37799103; 38084673
348	Gene	APOE	brain-derived neurotrophic factor; Brain-derived neurotrophic factor; brain derived neurotrophic factor; Aβ40; Brain Derived Neurotrophic Factor; Brain-Derived Neurotrophic Factor; brain-derived-neurotrophic factor; catechol-O-methyltransferase; neurofilament light chain; postsynaptic density protein 95; Tissue plasminogen activator	627	Gene	BDNF	BDNF; glial fibrillary acidic protein; 5-hydroxytryptamine receptor 2A; brain-derived neurotrophic factors; glial-derived neurotrophic factor; neuropeptide Y; neurotrophin 3; neurotrophin-3	affects	->	0.450419	43	36	15997610; 16797081; 16890377; 17404118; 19236730; 20703451; 21179660; 21742253; 21898706; 21944169; 22183081; 22585743; 22961097; 24128677; 24607934; 25012449; 25106037; 25451398; 25990886; 26285129; 27018938; 27261564; 27787610; 27811136; 28672073; 29933036; 30548775; 31636250; 32027188; 32085720; 33560444; 38542503; 38640201; 39244009; 41683895; 41825795
627	Gene	BDNF	BDNF; FK506 binding protein 5; 5-HT(1A); 5-HT(1A) receptor; disrupted-in-schizophrenia 1; 5-HT1A receptor; 5-HT2AR; 5-hydroxytryptamine receptor 1A; Bdnf; cyclic AMP response element-binding protein 1; dopamine D2 receptor; FK506-binding protein; FK506-binding protein 5; FK506-binding-protein-5; glial fibrillary acidic protein; serotonin 1A (5-HT1A) receptor; tropomyosin-receptor-kinase B	7157	Gene	TP53	glucocorticoid receptor; serotonin transporter; (1A) receptor antagonists; methyl CpG binding protein 2; S100 calcium binding protein B; β-adrenoceptor; 3-kinase; AMP response element binding protein; B-cell lymphoma-2; Bcl-2-associated X protein; calmodulin; caspase-3; collagen IV; Epidermal Growth Factor; estrogen receptor beta; glucocorticoid induced leucine zipper; Glucocorticoid Receptor; Glucocorticoid-receptor; Histone deacetylase 5; interleukin-6; kinase receptor B; lncRNAs; methyl‑CpG‑binding protein 2; phosphodiesterase 4B; serotonin receptor 1A; serotonin receptor 2A; target of rapamycin; Vascular Endothelial Growth Factor	interacts with	<->	0.444836	40	25	17258370; 18785206; 19560507; 19755135; 20067857; 21420735; 22050051; 23146357; 24529042; 25086452; 25422956; 25522420; 26239616; 27030168; 27108110; 29182159; 30548775; 31120232; 34229186; 34937590; 35476290; 35711008; 37243534; 37782408; 38178196
348	Gene	APOE	brain-derived neurotrophic factor; Brain-derived neurotrophic factor; brain derived neurotrophic factor; β-amyloids	627	Gene	BDNF	BDNF; neurotrophic factors; neurotrophin-3; neurotrophin-4; tPA-plasminogen	is part of	->	0.444140	20	15	18313696; 18929445; 19699537; 21188787; 21774990; 28848102; 31760473; 34628790; 34655652; 35605794; 36316319; 36702294; 37543308; 37799103; 39413901
1470	Disease	major depressive disorder	MDD; depression; depressive; major depressive disorder; major depression; Major Depressive Disorder; Depressed; MD	3091	Gene	HIF1A	proBDNF; miR-221-3p; N-methyl-D-aspartate receptor; Palmitoyltransferase; ProBDNF; tryptophan 2, 3-dioxygenase; XBP1s; κ opioid receptor; κ opioid receptor antagonists; HIF-1α; HIF1α; kappa opioid receptor; N-methyl-D-aspartate receptor-related; Translocator Protein; translocator protein	alters level of	->	0.429957	47	22	11576758; 22880079; 23333658; 23537780; 27276366; 28509900; 30699855; 31211948; 32588356; 32683649; 33341455; 33358963; 34035484; 34130243; 34706460; 36608612; 36848775; 38161282; 39174649; 39417574; 39858460; 40389099
1956	Gene	EGFR	programmed death-1; alpha(2) subunit of the GABA(A) receptor; arginase; arginase 1; Dopamine Receptor D3; ErbB; ghrelin; IL-1α; interleukin-1; Interleukin-1 family; interleukin-1β; mTOR-BDNF; Pigment epithelium-derived factor; PKA; protein kinase A; TBC1 Domain Family Member 9; transient receptor potential cation channel subfamily M, member 4	7157	Gene	TP53	IL-1β; protein kinase C; Wnt; alpha(2) subunit; cytokines; nitric oxide synthase; nuclear factor I B; phosphodiesterase 5; programmed death-ligand 1; programmed death-ligand 2; serotonin transporter; solute carrier family 8 member B1; tropomyosin receptor kinase B; Zinc Finger Protein 80	is part of	->	0.428440	18	14	12217970; 19573263; 21630437; 25560770; 31676463; 32612257; 33143498; 33493946; 35597333; 35867070; 36316319; 37139744; 37169143; 38552437
627	Gene	BDNF	BDNF; 5-HT 2A receptor; serotonin (5-HT) 2A receptor; 5-HT1A receptor; mBDNF; neurotrophic tyrosine kinase receptor type 2; serotonin (5-HT1A) receptor; serotonin-1A (5-HT1A) receptors	3324	Disease	mood disorder	mood disorders; mood disorder	is associated with susceptibility to	<-	0.424806	23	15	11522260; 15469667; 17505499; 17510948; 19376528; 19423080; 19428704; 20714169; 22609366; 23221974; 24802307; 24944871; 25012449; 33341455; 34555145
2477	Chemical	Buspirone	buspirone	627	Gene	BDNF	5-HT1A receptor; 5-HT(1A) receptor; 5-HT(1A)	positively regulates	->	0.421503	6	3	17337123; 17563921; 18725263
348	Gene	APOE	brain-derived neurotrophic factor; APOE; Brain Derived Neurotrophic Factor; brain derived neurotrophic factor; brain‑derived neurotrophic factor; calcium-binding protein; Catechol-O-methyltransferase	627	Gene	BDNF	BDNF; BDNF-dependent; cyclic amp-response element-binding protein; dopamine D2 receptor; FK506 Binding Protein 5; FK506-binding protein; serotonin-1A receptor	interacts with	<->	0.412729	26	22	19321972; 20067857; 21420735; 22844024; 23570888; 24529042; 24607934; 24683520; 25148110; 26239616; 27108110; 27212180; 28246044; 29703883; 34767111; 34937590; 35452773; 36848750; 37243534; 38178196; 38626283; 39145838
627	Gene	BDNF	BDNF; BDNF receptor	4915	Gene	NTRK2	TrkB; TRKB	decreases level of	->	0.409126	23	11	16002234; 23128924; 23537780; 23960204; 24802307; 28544903; 29979503; 34928896; 35711008; 38297157; 41240141
627	Gene	BDNF	BDNF; adrenocorticotropic hormone; Adrenocorticotropic hormone; neurotrophin-3	7157	Gene	TP53	TSH; neuropetide Y; hormone; interferon-induced; mammalian target of the rapamycin complex; melanocortin receptors; serotonin transporter; Tyrosie Kinase A; tyrosine kinase B; Tyrosine Kinase B; vascular endothelial growth factor	positively regulates	->	0.403273	14	12	19921971; 20417690; 21612826; 23866302; 24529042; 25642918; 28551512; 31106520; 31721892; 31757642; 34928896; 36949323
627	Gene	BDNF	BDNF; NMDARs; Disrupted-in-schizophrenia 1; disrupted-in-schizophrenia 1	5419	Disease	schizophrenia	schizophrenia	is associated with susceptibility to	<-	0.401445	20	14	16005437; 16890384; 16959794; 18785206; 19376528; 21129438; 22094229; 22801293; 24802307; 25543333; 26013316; 30794585; 33314505; 34280516
627	Gene	BDNF	serotonin and norepinephrine transporters; 5-HT reuptake transporter; 5-HT transporter; 5-HT transporters; 5-HT(1A); 5-HT(1A) receptors; 5-HT(1B) receptors; 5-HT1A,/1B; serotonin (5-HT) transporter	6532	Gene	SLC6A4	SERT; 5-HTT; 5-HT2C,5-HT3; hNET; hSERT	negatively regulates	->	0.395886	10	7	11691690; 16154547; 21486038; 22171087; 23706576; 29300091; 34958348
3091	Gene	HIF1A	Tryptophan hydroxylase-2; N-methyl-D-aspartate receptor; proBDNF; BDNF-TrkB; miR-221-3p; tryptophan hydroxylase-2; HIF-1α; kappa opioid receptor; N-methyl-d-aspartate receptor-mediated; vacuolar H+ATPase	1470	Disease	major depressive disorder	MDD; major depressive disorder; depressed mood; depression	contributes to	<-	0.395709	20	13	17217922; 19272410; 25955598; 27824360; 30699855; 31211948; 31711978; 32588356; 32722659; 34839360; 37308575; 39244009; 39245178
3091	Gene	HIF1A	proBDNF; tryptophan-2, 3-dioxygenase; miR-221-3p; translocator; Translocator protein; translocator protein	1470	Disease	major depressive disorder	major depression; major depressive; MDD; major depressive disorder; depression; depressed mood; major depressive episodes	is a biomarker of	<-	0.391674	28	12	23537780; 25362578; 25629589; 28375203; 29269262; 29496589; 31211948; 32588356; 33341455; 36860860; 38161282; 38286858
5684	Chemical	Way 100635	WAY-100635	627	Gene	BDNF	5-HT(1A) receptor; 5-HT 1A (5-HT1A) receptor; 5-HT(1A); 5-HT(1A) receptors; 5-HT1A receptor; serotonin-1a	interacts with	<->	0.391415	7	6	15042104; 19458612; 23408467; 24607934; 30693567; 42173043
627	Gene	BDNF	BDNF; adrenocorticotropic hormone; neuropeptide Y	7124	Gene	TNF	TNF-α; angiotensin converting enzyme; substance P	decreases level of	->	0.389941	6	6	18657799; 26854819; 28656803; 28833192; 33186562; 40445583
627	Gene	BDNF	BDNF; 5-HT1A receptor; serotonin 1A (5-HT1A) receptor; serotonin-1A receptor	6532	Gene	SLC6A4	5-HTTLPR; 5-HTT; SERT; SLC6A4; 5-HT1AR	interacts with	<->	0.389235	18	11	21420735; 22247094; 23516322; 24683520; 25510949; 27212180; 28935838; 29057413; 29414128; 29703883; 31120232
627	Gene	BDNF	BDNF; glial cell line-derived neurotrophic factor; Glial Cell Line-Derived Neurotrophic Factor	2668	Gene	GDNF	GDNF	decreases level of	->	0.388853	11	8	24899094; 25543333; 25689572; 26122261; 35908604; 36739789; 38069144; 38918365
627	Gene	BDNF	BDNF; 5-HT 2A receptor; Disrupted-in-schizophrenia 1; disrupted-in-schizophrenia 1; fibroblast growth factor-21; NMDARs; serotonin (5-HT) 2A receptor	3312	Disease	bipolar disorder	bipolar disorder; BD; bipolar; bipolar disorder-manic; depressed bipolar disorder	is associated with susceptibility to	<-	0.387120	23	13	16890384; 16959794; 18785206; 19428704; 22094229; 24764546; 25543333; 26013316; 27018938; 27613282; 27837670; 29618013; 34280516
3569	Gene	IL6	IL-6; CRH binding protein; Arginine-vasopressin; Galanin; galanin; PDGF-BB; Stem Cell Factor	627	Gene	BDNF	BDNF; FK506-binding protein; FK506-binding-protein-5; Neuropeptide Y; neuropeptide Y	interacts with	<->	0.385999	11	7	24140302; 25086452; 27108110; 34937590; 36599082; 36848750; 37243534
627	Gene	BDNF	BDNF; glial fibrillary acidic protein; mBDNF	7157	Gene	TP53	vascular endothelial growth factor; fatty acid binding protein 2; IL-1β; leukemia inhibitory factor; miR-124; mitogen-activated protein kinase phosphatase-1; Nerve growth factor; neurotrophin; proinflammatory cytokines; tumor necrosis factor-alpha	increases level of	->	0.384925	11	10	21301813; 24702987; 26176177; 29689690; 30877025; 34637870; 34928896; 35123326; 36615801; 40365616
627	Gene	BDNF	BDNF; 5-HT1A receptor; Cyclic AMP response element binding protein; D2/3 receptor; dopamine D2 receptor; serotonin-1A (5-HT1A) receptors; serotonin-1A receptors	0000412	Disease	anxiety	anxiety; Anxiety; anxiety symptoms	is associated with susceptibility to	<-	0.384766	10	9	9513185; 16039621; 16904252; 17941097; 19194961; 19423080; 23408467; 24140302; 28870407
1385	Gene	CREB1	CREB	627	Gene	BDNF	BDNF	is part of	->	0.382083	4	3	35452773; 36702294; 38582152
627	Gene	BDNF	BDNF; 5-HT1A receptor; 5-HT(1B) receptor; 5-hydroxytryptamine 1A receptor; 5-hydroxytryptamine transporter; adrenocorticotropic hormone; Cyclic AMP response element binding protein		Disease	suicide	suicide; Suicide	is associated with susceptibility to	<-	0.381705	30	16	10699230; 12496953; 14507979; 15469667; 17724868; 18600033; 19194961; 20207421; 28942954; 28977521; 29432620; 30308049; 34555145; 34928896; 40745290; 41300755
2908	Gene	NR3C1	GR; NR3C1	627	Gene	BDNF	FK506 binding protein 5; BDNF; FK506-binding protein 5; FK506 Binding Protein 5; FK506-binding protein	interacts with	<->	0.380534	10	6	25355489; 27030168; 27549215; 28246044; 34229186; 37243534
627	Gene	BDNF	BDNF; NMDARs; Serotonin (5-HT) receptors	778	Disease	delusional disorder	psychiatric disorders	is associated with susceptibility to	<-	0.375618	13	10	15860348; 16005437; 19376528; 19414708; 27756686; 28509900; 28942954; 28977521; 33314505; 41825398
627	Gene	BDNF	adrenocorticotropic hormone; Adrenocorticotropic hormone	5443	Gene	POMC	ACTH	positively regulates	->	0.367235	7	7	12573303; 23866302; 25642918; 31106520; 31757642; 37059029; 39731037
7157	Gene	TP53	nerve growth factor; TSH; AKT-mediated; GR-related; mammalian target of rapamycin; Programmed cell death 4; proinflammatory cytokines; serotonin; serotonin transporter	627	Gene	BDNF	BDNF; neurotrophin-3; 5-HT1A receptors; 5-hydroxytryptamine receptor 2A; adrenocorticotropic hormone; neurotrophin 3	positively regulates	->	0.366667	14	10	18725263; 19921971; 24128677; 27387895; 31202810; 31721892; 32203159; 38934178; 39731037; 41242308
7157	Gene	TP53	plasminogen; extracellular signal-regulated kinase; nerve growth factor; leptin; mechanistic target of rapamycin; Mitogen-activated extracellular signal-regulated kinase; prolactin; serotonin receptor 1A	627	Gene	BDNF	BDNF; 5-hydroxytryptamine receptor 2A; neurotrophin-3; neurotrophin-4	is part of	->	0.365464	12	6	16890384; 18313696; 19560507; 28688265; 34655652; 36806598
7157	Gene	TP53	serotonin; serotonin transporter; HDACs; serotonin transporters; β-adrenergic	627	Gene	BDNF	5-HT1A receptor; 5-HT1A receptors; 5-HT1A serotonergic receptors; BDNF; dopamine D2 receptor; serotonin 5-HT(1A) receptor; serotonin 5-HT1A receptor	negatively regulates	->	0.364240	7	6	23033234; 24524096; 29676236; 30194544; 31288060; 41786805
627	Gene	BDNF	BDNF; FK506 binding protein 5	7040	Gene	TGFB1	cAMP response element binding protein; cAMP response element-binding protein; cyclic adenosine monophosphate (cAMP) response element binding protein; cyclic adenosine monophosphate response element-binding proteins; miR-142-5p; serum and glucocorticoid-regulated kinase 1	interacts with	<->	0.363338	7	7	19321972; 21616544; 25422956; 35452773; 35871433; 36702294; 39145838
627	Gene	BDNF	glial cell line-derived neurotrophic factor; Glial cell line-derived neurotrophic factor	2668	Gene	GDNF	GDNF	is part of	->	0.361968	4	3	18262703; 18313696; 24436216
1394	Gene	CRHR1	CRHR1	627	Gene	BDNF	BDNF; FK506 binding protein 5; FK506 Binding Protein 5	interacts with	<->	0.361734	7	3	22194899; 27549215; 28246044
627	Gene	BDNF	BDNF	1595	Disease	melancholic depression	melancholic; melancholic depression; melancholia; melancholy	is associated with susceptibility to	<-	0.361626	12	6	22247094; 22965830; 23165919; 24140302; 26462036; 29516593
450349	Chemical	Acetic acid C-11	11C	627	Gene	BDNF	5-HT transporter; 5-HT 1A (5-HT1A) receptor; serotonin-1a	interacts with	<->	0.361044	6	4	15488265; 19756523; 23408467; 42173043
627	Gene	BDNF	BDNF	12105	Disease	inflammatory spondylopathy	inflammatory	is a biomarker of	<-	0.360874	7	4	28656803; 38934178; 40912415; 42195059
627	Gene	BDNF	BDNF; 5-HT1A receptor-dependent; 5-HT(1A); neurotrophin-3; neurotrophin-4; serotonin (5-HT) receptor; α2-adrenergic	7157	Gene	TP53	IL-1β; RhoA-ROCK; alpha(1)-adrenergic; glutathione‑s‑ transferase; growth hormone; prolactin; serotonin transporter; β-adrenergic	negatively regulates	->	0.360611	10	7	12728300; 20081253; 26035186; 29676236; 34628790; 34772918; 37078814
7157	Gene	TP53	beta-amyloid; brain-derived neurotrophin factor; early growth response protein-1; IL-1β; leptin; mTORC1-mediated; proinflammatory cytokine; Proinflammatory cytokines; serotonin transporter; telomerase reverse transcriptase	627	Gene	BDNF	BDNF; glial fibrillary acidic protein; neuropeptide Y	decreases level of	->	0.359227	10	10	18657799; 24709918; 27356518; 30635928; 32044543; 32203159; 36842657; 38101069; 39152102; 41565637
5202	Chemical	Serotonin	serotonin; 5-HT	627	Gene	BDNF	BDNF; 5-HT(1A) receptors	increases level of	->	0.358436	7	5	16154547; 24607934; 27895323; 38458412; 39972664
5754	Chemical	Cortisol	cortisol; Hydrocortisone	627	Gene	BDNF	BDNF; adrenocorticotropic hormone; 5-HT(1A) receptor; 5-HT(1A); 5-HT1A receptor	increases level of	->	0.356666	12	7	14573316; 16368077; 22844024; 27174729; 33765452; 34358723; 34555145
5202	Chemical	Serotonin	5-HT; serotonin	627	Gene	BDNF	BDNF; 5-HT1A receptors; 5-HT transporter; 5-HT(1A); serotonin-1A (5-HT1A) receptor	affects	->	0.355755	10	7	11840315; 16154547; 24607934; 24657886; 27356518; 28544903; 28970569
1312	Gene	COMT	COMT; serotonin 2A (5-HT2A) receptor	627	Gene	BDNF	BDNF; cyclic amp-response element-binding protein; serotonin 1A (5-HT1A) receptor	interacts with	<->	0.353513	4	4	25148110; 31120232; 31944487; 34767111
2932	Gene	GSK3B	GSK3B	627	Gene	BDNF	BDNF	interacts with	<->	0.352050	18	2	20033742; 20682308
7157	Gene	TP53	serotonin transporter; IL-1β; plasminogen; tumor necrosis factor α; vitamin D receptor; 5' repressor element under dual repression binding protein-1; amyloid-β; Aβ42; cytokines; glutamate transporters; lncRNAs; MicroRNA; nerve growth factor; plasminogen activator inhibitor-1; serotonin 1A and 2A receptors	627	Gene	BDNF	BDNF; glial fibrillary acidic protein; 5-HT(1A) receptor; 5-HT(1A) serotonergic receptor; glial cell line-derived neurotrophic factor; neuropeptide Y; neurotrophin-3; serotonin (5-hydroxytryptamine) transporter; serotonin receptor 1A (HT1A) and 2A (	affects	->	0.351615	21	15	20392296; 20580095; 21449006; 21898706; 25689572; 25990886; 27261564; 28236848; 29955033; 32027188; 32191745; 34078872; 35029704; 39244009; 41683895
627	Gene	BDNF	glial fibrillary acidic protein	2670	Gene	GFAP	GFAP	decreases level of	->	0.350557	6	6	11782105; 15238995; 21536333; 30635928; 34773851; 39152102
60795	Chemical	Aripiprazole	aripiprazole; Aripiprazole	627	Gene	BDNF	dopamine D2 receptor; dopamine dopamine D2 receptors; D(2) and 5-HT(1A) receptors; dopamine D2 and 5-HT1A receptor	positively regulates	->	0.350445	6	5	16041234; 16259533; 17455104; 24468015; 31288060
5419	Disease	schizophrenia	schizophrenia	627	Gene	BDNF	BDNF; PSA-NCAM; 5-HT(1A) receptor; 5-HT(1A,); 5-HT(1B); 5-HT(2A)	alters level of	->	0.349726	13	8	14744462; 15056522; 19376528; 21612826; 23022470; 24802307; 28509900; 33757426
3324	Disease	mood disorder	mood disorders; mood disorder	627	Gene	BDNF	BDNF; 5-HT(1A) receptors; 5-HT(1A,); 5-HT(1B); 5-HT(2A); glial cell line-derived neurotrophic factor; neurotrophic factors	alters level of	->	0.349079	9	6	14744462; 18313696; 19376528; 24607934; 24802307; 24899094
627	Gene	BDNF	BDNF; 5HTT-LPR; Corticotropin-releasing factor-binding protein; serotonin-1A (5-HT1A) receptor	0060167	Disease	seasonal affective disorder	affective disorders; affective disorder	is associated with susceptibility to	<-	0.347156	9	8	11927139; 15897674; 16319503; 17599466; 17920693; 19236730; 22378223; 28970569
5684	Chemical	Way 100635	WAY-100635; WAY100635; WAY100636	627	Gene	BDNF	5-HT1A receptor; 5-HT(1A)	negatively regulates	->	0.345184	3	3	20081253; 25942044; 35605134
7157	Gene	TP53	cytokine; epidermal growth factor; cytokines; extracellular signal-regulated kinase; IL-1β; inflammatory cytokines; proinflammatory; serotonin transporter	627	Gene	BDNF	BDNF; doublecortin; Doublecortin; neurotrophin-3; neurotrophin-4	increases level of	->	0.344856	10	8	15617861; 22833211; 31202810; 33176302; 33737174; 34628790; 34637870; 35597333
627	Gene	BDNF	BDNF	3312	Disease	bipolar disorder	BD; bipolar disorder	is a biomarker of	<-	0.343877	8	7	24764546; 25362578; 25368362; 27837670; 30929061; 38542503; 42195059
46194816	Chemical	N8CG9437DN	SSRI; SSRIs	627	Gene	BDNF	BDNF; 5-HT transporter; 5-HT(1A); 5-HT(1A)); 5-HT1A receptor; 5-HT1A receptors; neurotrophin 3; serotonin 1A (5-HT1A ); serotonin 5-HT(2A) receptor	negatively regulates	->	0.343108	12	11	12422060; 12880941; 16154547; 20152106; 20856249; 25942044; 29102768; 30693567; 30771710; 38594753; 39828391
1956	Gene	EGFR	neuregulin 1; Nuclear Receptor Subfamily 3 Group C Member 1; adenylate cyclase; dopamine receptor 1; lipopolysaccharide binding protein; PKA	627	Gene	BDNF	BDNF; 5-HT(1B) receptors; 5-HT2AR; disrupted-in-schizophrenia 1; FK506 Binding Protein 5; FK506 binding protein 5	interacts with	<->	0.342935	8	6	12374629; 28246044; 30548775; 34937590; 35452773; 37782408
14989482	Chemical	Choline chloride C-11	11)C	627	Gene	BDNF	5-HT(1A) receptor; 5-HT(1A) receptors	interacts with	<->	0.342664	3	2	15042104; 24607934
5202	Chemical	Serotonin	5-HT; serotonin	627	Gene	BDNF	5-HT(1A); 5-HT transporter; 5-HT(1A) receptor; 5-HT(1A) receptors; 5-HT(3) receptor; 5-HT1A receptor; adrenocorticotropic hormone	negatively regulates	->	0.342066	8	7	10451906; 12880941; 17700035; 20152106; 22050051; 22171087; 25942044
627	Gene	BDNF	BDNF; mBDNF	3091	Gene	HIF1A	proBDNF	affects	->	0.341244	12	7	27613282; 28284898; 28375203; 33341455; 33358963; 39244009; 39961447
627	Gene	BDNF	adrenocorticotropic hormone; BDNF; 5-hydroxytryptamine receptor 2A; Adrenocorticotropic hormone	348	Gene	APOE	thyroid-stimulating hormone; catechol-O-methyltransferase; tissue plasminogen activator	positively regulates	->	0.340754	6	5	25642918; 31106520; 31721892; 31757642; 32428748
3091	Gene	HIF1A	HIF-1α; N-methyl-d-aspartate receptor; sestrin-2; BDNF-TrkB; N-methyl-d-aspartate channel; N-methyl-D-aspartate receptor channel; proBDNF; Translocator protein; tryptophan hydroxylase-2	1470	Disease	major depressive disorder	major depressive disorder; MDD; unipolar major Depression	is a therapeutic target in	<-	0.340231	12	8	16337903; 23885752; 29378483; 33515765; 37225683; 37308575; 38161282; 40436209
4828	Chemical	Pindolol	pindolol	627	Gene	BDNF	5-HT(1A) receptor; 5-HT(1A)	negatively regulates	->	0.338870	3	2	17928105; 22050051
627	Gene	BDNF	BDNF; 5-HT1A receptors; glial fibrillary acidic protein	7124	Gene	TNF	TNF-α; beta-endorphin; claudin-5; interleukin 1 beta; TNFα	increases level of	->	0.338159	6	6	18725263; 26854819; 30877025; 33186562; 34637870; 36615801
3350	Gene	HTR1A	5-HT1A; Freud-2; HTR1A	627	Gene	BDNF	serotonin-1A receptor; 5-HT1A receptors; 5-hydroxytryptamine receptor 1A; Serotonin-1A receptor	interacts with	<->	0.337693	5	4	19423080; 19560507; 23375480; 28935838
5202	Chemical	Serotonin	serotonin; 5-HT	348	Gene	APOE	brain-derived neurotrophic factor; Brain-Derived Neurotrophic Factor (BDNF) receptor; methylenetetrahydrofolate reductase	affects	->	0.337369	6	4	27356518; 28544903; 39871098; 41703266
778	Disease	delusional disorder	psychiatric disorders; psychiatric disorder	627	Gene	BDNF	BDNF; 5-HT(1A,); 5-HT(1B); 5-HT(2A); PSA-NCAM	alters level of	->	0.334825	10	7	14744462; 23022470; 27959329; 28509900; 33757426; 40749756; 41825398
5202	Chemical	Serotonin	5-HT; serotonin	627	Gene	BDNF	BDNF; 5-HT(1A); 5-HT(2) receptor; 5-HT(1A) receptors; 5-HT(1B) receptor; SERT-nNOS	positively regulates	->	0.334597	10	7	12505806; 20480149; 22050051; 23016662; 30635928; 31610810; 36302033
46194816	Chemical	N8CG9437DN	SSRI; SSRIs	627	Gene	BDNF	5-HT1A receptors; 5-HT(1A); 5-HT(1A) receptor; serotonin 5-HT(1A) receptor	positively regulates	->	0.333810	5	5	12880941; 22013560; 22050051; 30194544; 39828391
627	Gene	BDNF	BDNF; FK506 Binding Protein 5; FK506 binding protein 5; FK506-binding protein	7124	Gene	TNF	Corticotropin Releasing Hormone Binding Protein; corticotropin-releasing hormone; corticotropin-binding protein; Platelet-Derived Growth Factor-BB	interacts with	<->	0.333408	6	4	27108110; 28246044; 34229186; 37243534
4233	Gene	MET	Met	627	Gene	BDNF	BDNF	decreases level of	->	0.331844	5	3	20703451; 28492279; 28848102
5202	Chemical	Serotonin	serotonin; 5-HT; serotoninergic	627	Gene	BDNF	5-HT receptor 1A; 5-HT1A receptors; Glx; serotonin 1A (5-HT1A) receptor; 5-HT(1B/D) receptor; 5-HT1A receptor	interacts with	<->	0.331105	10	6	15469667; 23016662; 30808545; 35843368; 36206848; 36780841
627	Gene	BDNF	BDNF; D2/3 receptor; pBDNF		Disease	anhedonia	anhedonia	is associated with susceptibility to	<-	0.328722	8	4	23365649; 34325733; 36173064; 38701878
childhood_trauma	DeprTerms	childhood trauma	Childhood trauma	627	Gene	BDNF	BDNF; 5-HT1A receptor	is associated with	<->	0.328646	6	5	20703451; 25500322; 25510949; 30771710; 39187183
1956	Gene	EGFR	glutamate AMPA receptor; plasmin-mediated; adenylate cyclase; plasmin	627	Gene	BDNF	BDNF; 5-HT(1B) receptor; 5-HT1A receptor; mBDNF	positively regulates	->	0.328516	6	4	12374629; 28236848; 28375203; 32396921
627	Gene	BDNF	BDNF	4915	Gene	NTRK2	TrkB; trkB	positively regulates	->	0.327946	6	5	16002234; 21612826; 28544903; 32428748; 34928896
348	Gene	APOE	brain-derived neurotrophic factor; brain‑derived neurotrophic factor	627	Gene	BDNF	BDNF	negatively regulates	->	0.327779	4	4	24140302; 26175142; 37078814; 38439581
1956	Gene	EGFR	BDNF-cytokine; IL-1α; PKA	1595	Disease	melancholic depression	melancholic; Melancholic depression; melancholics	is associated with susceptibility to	<-	0.326938	3	3	15500705; 24140302; 29103192
627	Gene	BDNF	BDNF; glial cell line-derived neurotrophic factor; glial-derived neurotrophic factor	2668	Gene	GDNF	GDNF	affects	->	0.325836	10	6	24899094; 25689572; 32027188; 34078872; 36116600; 38069144
4915	Gene	NTRK2	TrkB; NTRK2	627	Gene	BDNF	BDNF; BNDF receptor	interacts with	<->	0.325530	6	4	19641488; 35711008; 38178196; 38626283
627	Gene	BDNF	BDNF	975	Gene	CD81	CD81	affects	->	0.325023	3	2	39246428; 41535870
627	Gene	BDNF	BDNF; FK506-binding protein 5; 5-HT1A receptor; 5-hydroxytryptamine 1A receptor; serotonin 1A (5-HT1A) receptor		Disease	suicidal behavior	suicidal behavior	is associated with susceptibility to	<-	0.324814	7	5	17724868; 26921221; 27030168; 28977521; 34555145
4915	Gene	NTRK2	TrkB; TRKB	627	Gene	BDNF	BDNF; mBDNF; TrkB-mediated	decreases level of	->	0.324171	11	5	16002234; 21612826; 23128924; 23537780; 28544903
1393	Gene	CRHBP	CRHBP; CRF-BP	627	Gene	BDNF	BDNF; Corticotropin-releasing factor-binding protein; FK506 Binding Protein 5; FK506 binding protein 5	interacts with	<->	0.324039	4	3	17599466; 28246044; 34229186
3091	Gene	HIF1A	miR-221-3p; adipocytokine; electron transport system variant transcription factor 6; immunophilin; mitofusin-2; proBDNF	7157	Gene	TP53	glucocorticoid receptor; Interferon alpha; Interferon Regulatory Factor 2; myosin VI; plasminogen; solute carrier family 22 member 13; TGF beta	is part of	->	0.323407	7	6	16890384; 23324805; 31211948; 34471251; 36914737; 37633529
9925763	Chemical	Serba-2	selective serotonin reuptake inhibitor; selective serotonin reuptake inhibitors; selective serotonin re-uptake inhibitors; selective serotonin reuptake inhibitor-treated; Selective Serotonin Reuptake Inhibitors	627	Gene	BDNF	BDNF; 5-HT(1A); 5-HT(1A)); 5-HT1A receptor; 5-hydroxytryptamine 1A; neurotrophin 3; serotonin 5-HT(2A) receptor	negatively regulates	->	0.323081	16	12	12422060; 16154547; 16302021; 20152106; 20856249; 23250003; 25942044; 29102768; 29310728; 30771710; 32731218; 38594753
9966051	Chemical	Vortioxetine	vortioxetine; Lu AA21004	627	Gene	BDNF	5-HT transporter; 5-HT(1A) receptor; 5-HT(1B) receptor; (r) 5-HT(7) receptor; 5-HT(3) receptor; 5-HT1A receptor	negatively regulates	->	0.323023	11	4	21767441; 22171087; 23252878; 24311349
627	Gene	BDNF	adrenocorticotropic hormone	5443	Gene	POMC	ACTH	increases level of	->	0.322097	6	3	22211368; 28445888; 30269042
627	Gene	BDNF	BDNF; 5-HT(1B) receptor; Bdnf; glial cell line-derived neurotrophic factor; serotonin-1A; TrkB-mediated	7157	Gene	TP53	ALLO; Ki-67; (1B) agonists; mammalian target of rapamycin; neurotrophin; protein kinase B; serotonin transporter; tropomyosin receptor kinase B	decreases level of	->	0.321986	10	7	20480149; 21612826; 28711621; 35871433; 38297157; 38574868; 38918365
1956	Gene	EGFR	AMPA receptor; BDNF-HA2TAT; ghrelin; p70S6 kinase; PKA	627	Gene	BDNF	BDNF; 5-HT1A receptor	increases level of	->	0.321871	6	5	26935651; 31202810; 32396921; 35452773; 40318448
6305	Chemical	L-Tryptophan	tryptophan; TRP	627	Gene	BDNF	serotonin (5-HT) transporter; BDNF	decreases level of	->	0.321526	5	2	11840315; 15800160
627	Gene	BDNF	5-HT1A receptor; 5-HT1A receptors; 5-hydroxytryptamine 1A; serotonin-1A receptor	3350	Gene	HTR1A	5-HT1A; HTR1A	affects	->	0.321312	4	4	14507979; 16458487; 28608854; 30194544
5754	Chemical	Cortisol	cortisol; Cortisol	627	Gene	BDNF	BDNF; 5-HT1A Receptor; 5-HT1A receptor	interacts with	<->	0.319769	7	2	22844024; 34555145
55191	Chemical	Gepirone	gepirone	627	Gene	BDNF	5-HT(1A); serotonin 5-HT1A receptor	positively regulates	->	0.319550	2	2	15643103; 18373383
5202	Chemical	Serotonin	5-HT	627	Gene	BDNF	5-HT(2) receptor; 5-HT1A receptors; BDNF; 5-HT transporter long promoter region	decreases level of	->	0.319000	7	4	12505806; 12759553; 24657886; 30635928
3312	Disease	bipolar disorder	bipolar disorder; BD; bipolar disorders; bipolar	627	Gene	BDNF	BDNF; glial cell line-derived neurotrophic factor; neurotrophin-3; neurotrophin-4; TrkB-mediated	alters level of	->	0.318163	16	7	12513943; 18313696; 21133708; 21612826; 24764546; 25106037; 28509900
627	Gene	BDNF	BDNF; NMDARs; 5-HT(2A) receptor; glial-derived neurotrophic factor	7157	Gene	TP53	nerve growth factor; 5-HT(1A) or; interleukin (IL)-6; interleukin-6; leptin; mechanistic/mammalian target of rapamycin complex 1; mTORC1; NFκB p65; tumor necrosis factor-alpha	affects	->	0.317737	10	7	19111907; 24140302; 31669792; 32027188; 33432187; 35123326; 38640201
55190	Chemical	Gepirone monohydrochloride	gepirone-ER	627	Gene	BDNF	5-HT(1A)	positively regulates	->	0.317151	2	2	18373383; 21324094
627	Gene	BDNF	BDNF; Bdnf; FK506 binding protein 5	7422	Gene	VEGFA	corticotrophin-releasing hormone receptor 1; VEGF; Vegfα	interacts with	<->	0.316706	3	3	27108110; 27549215; 35476290
7124	Gene	TNF	TNF-α; myeloperoxidase	627	Gene	BDNF	BDNF	decreases level of	->	0.316639	4	3	28833192; 38101069; 39051900
1385	Gene	CREB1	CREB	627	Gene	BDNF	BDNF	affects	->	0.315680	3	2	30589396; 35123326
major_stressful_life_event	DeprTerms	major stressful life event	Major stressful life event	627	Gene	BDNF	BDNF; MAOA-uVNTR	is associated with	<->	0.315670	7	4	17920693; 20703451; 23866280; 26921055
627	Gene	BDNF	BDNF; 5-HT1A receptor; 5-hydroxytryptamine receptor subtype 1a; mBDNF	1956	Gene	EGFR	miR-103a-3p; plasmin; AMPA receptor; dopamine receptor; mTORC	positively regulates	->	0.315253	7	5	28375203; 32396921; 36949323; 39423325; 40553784
627	Gene	BDNF	BDNF	4803	Gene	NGF	NGF	increases level of	->	0.314887	3	3	34218397; 34928896; 35069013
627	Gene	BDNF	BDNF	3091	Gene	HIF1A	proBDNF	decreases level of	->	0.314259	11	5	22880079; 23537780; 28284898; 28375203; 39244009
627	Gene	BDNF	BDNF; 5-HT 2A receptors; 5-HT(2A) receptor	1956	Gene	EGFR	sortilin; BDNF-targeting; PKA; protein kinase A	decreases level of	->	0.313226	8	3	19111907; 23537780; 40749756
1956	Gene	EGFR	arginase 1; BDNF-HA2TAT; mTOR-BDNF; PKA; plasmin	627	Gene	BDNF	BDNF	is part of	->	0.312831	5	5	16890384; 26935651; 35452773; 35597333; 36316319
627	Gene	BDNF	BDNF; D2/3 receptor; EAT-26	0000412	Disease	anxiety	anxiety; anxiety symptoms	is a biomarker of	<-	0.312736	5	4	21774990; 28870407; 38701878; 41022654
11154555	Chemical	Cariprazine	Cariprazine; cariprazine	627	Gene	BDNF	5-HT1A receptor; serotonin 5-HT1A receptor; serotonin 5-HT1A receptors	positively regulates	->	0.311566	4	4	26510944; 32942346; 36789515; 37585254
5458879	Chemical	N-Coumaroyl serotonin	serotonin (5-HT) reuptake inhibitor; and serotonin	627	Gene	BDNF	5-HT transporter; 5-HT(1A) receptor; 5-HT1A receptor; 5-HT1A receptors	positively regulates	->	0.311537	4	3	21869687; 23216998; 36789515
565185	Chemical	Furan-2-carbonyl furan-2-carboxylate	[carbonyl-(11)C]WAY-100635; [carbonyl-(11)C]WAY100635; [carbonyl-C-11]-WAY-100635	627	Gene	BDNF	5-HT(1A); 5-HT(1A) receptor; 5-HT(1A) receptors	interacts with	<->	0.311290	3	3	16154547; 19935737; 22751491
4204	Gene	MECP2	MeCP2	627	Gene	BDNF	BDNF	negatively regulates	->	0.311175	4	1	35711008
627	Gene	BDNF	BDNF	146713	Gene	RBFOX3	NeuN	positively regulates	->	0.309576	2	2	27506204; 28848078
4205	Chemical	Mirtazapine	mirtazapine	627	Gene	BDNF	BDNF	affects	->	0.307779	5	2	19493959; 39413901
627	Gene	BDNF	BDNF; glial-derived neurotrophic factor	4803	Gene	NGF	NGF	affects	->	0.307359	7	4	24747833; 24899094; 27008247; 32027188
7422	Gene	VEGFA	BDNF-induced; reuptake sites	3569	Gene	IL6	D(2) dopamine receptors; tropomyosin-related kinase B	negatively regulates	->	0.306695	2	2	10988039; 29507199
	Disease	suicide	suicide	627	Gene	BDNF	BDNF	alters level of	->	0.306379	10	4	18329817; 20207421; 34928896; 37243534
3091	Gene	HIF1A	proBDNF	3312	Disease	bipolar disorder	bipolar disorder	is a biomarker of	<-	0.305192	2	2	25362578; 25368362
5327	Gene	PLAT	tPA	3091	Gene	HIF1A	proBDNF	decreases level of	->	0.305171	3	3	28236848; 28375203; 39244009
146570	Chemical	Escitalopram	escitalopram; S-citalopram	627	Gene	BDNF	BDNF; tPA-BDNF	affects	->	0.305023	9	6	18511076; 19835669; 21308467; 28375203; 31721892; 39407134
627	Gene	BDNF	BDNF	1956	Gene	EGFR	BDNF-TrkB-CaMKII; BDNF-HA2TAT; ghrelin; plasmin	is part of	->	0.304450	5	4	16890384; 26935651; 34628790; 38552437
6918314	Chemical	Vilazodone	Vilazodone; vilazodone	627	Gene	BDNF	5-HT1A receptor; (5-HT(1A)) receptor; 5-HT transporter; 5-HT(1A) receptor; 5-HT1A receptors; serotonin 5-HT(1A) receptor	positively regulates	->	0.304364	7	6	19284933; 21869687; 23033234; 23216998; 26039688; 29057413
7157	Gene	TP53	cyclophilin D; Interferon alpha; Interferon Regulatory Factor 2; plasminogen; TGF - beta; transcriptional type 2 nuclear respiratory factor; tropomyosin receptor kinase B	3091	Gene	HIF1A	miR-221-3p; mitofusin-2; proBDNF; adipocytokine	is part of	->	0.303053	7	5	16890384; 28375203; 31211948; 34471251; 37633529
9848499	Chemical	Du 125530	DU-125530	627	Gene	BDNF	5-HT(1A) receptor; 5- HT(1A) receptors; 5-HT(1A) receptors	negatively regulates	->	0.302528	5	1	22050051
4595	Chemical	Ondansetron	ondansetron	627	Gene	BDNF	5-HT(3) receptor; 5-HT1A receptor	negatively regulates	->	0.302420	2	2	22171087; 35605134
0060167	Disease	seasonal affective disorder	affective disorders	627	Gene	BDNF	BDNF	alters level of	->	0.301902	6	3	21612826; 25106037; 30548775
627	Gene	BDNF	BDNF	3324	Disease	mood disorder	mood disorders	is a biomarker of	<-	0.301748	3	3	25305432; 34078872; 42090938
627	Gene	BDNF	5-HT(2A) receptor; BDNF; 5-hydroxytryptamine receptor 2A; mBDNF	1956	Gene	EGFR	PKA; plasmin; adiponectin; G-protein beta 3 subunit; sortilin	affects	->	0.301015	9	5	16309851; 19111907; 21742253; 31669792; 33341455
7124	Gene	TNF	TNF-α	627	Gene	BDNF	BDNF	increases level of	->	0.300948	2	2	28833192; 30205379
627	Gene	BDNF	adrenocorticotropic hormone; serotonin 5-HT1A receptors	5443	Gene	POMC	ACTH; beta-endorphins	affects	->	0.299995	4	3	10803820; 18725263; 28551512
627	Gene	BDNF	BDNF; doublecortin	146713	Gene	RBFOX3	NeuN	increases level of	->	0.299939	2	2	23778854; 35029704
681	Chemical	Dopamine	dopamine	627	Gene	BDNF	dopamine dopamine D2 receptors; 5-hydroxytryptamine(2) receptor; BDNF; dopamine D2 receptor	positively regulates	->	0.299568	5	4	11910270; 24468015; 31288060; 31610810
1812	Gene	DRD1	D1R	627	Gene	BDNF	5-HT2AR; BDNF	interacts with	<->	0.299436	5	1	37782408
199	Gene	AIF1	Iba-1; Iba1; ionized calcium binding adapter molecule 1; ionized calcium-binding adapter molecule 1	627	Gene	BDNF	glial fibrillary acidic protein	interacts with	<->	0.298942	4	2	33689861; 37735127
9863888	Chemical	Lipid peroxidation inhibitor 1	lipid peroxidation	627	Gene	BDNF	BDNF	decreases level of	->	0.298939	2	2	28550365; 31284015
627	Gene	BDNF	BDNF; brain-derived neurotrophic factors	348	Gene	APOE	brain-derived neurotrophic factor; NMDA receptor; postsynaptic density protein 95; Brain-Derived Neurotrophic Factor; catechol‑O‑methyltransferase; ciliary neurotrophic factor	affects	->	0.298605	9	6	16797081; 27811136; 28284898; 33173990; 37678540; 40749756
4205	Chemical	Mirtazapine	mirtazapine; Mirtazapine	627	Gene	BDNF	5-hydroxytryptamine (5-HT)(2), 5-HT(3) and; alpha2-adrenergic	negatively regulates	->	0.298523	2	2	12552362; 12585696
3091	Gene	HIF1A	proBDNF; ProBDNF	627	Gene	BDNF	mBDNF; BDNF	positively regulates	->	0.298409	7	4	28284898; 28375203; 32683649; 33341455
3350	Gene	HTR1A	5-HT1A; Freud-2	627	Gene	BDNF	5-HT1A receptor; 5-HT1A serotonergic receptors; 5-HT1A,/1B	negatively regulates	->	0.298164	4	3	19423080; 23706576; 29676236
2882138	Chemical	Antidepressant agent 1	antidepressant drugs; antidepressant medications; antidepressant; antidepressants	627	Gene	BDNF	BDNF	increases level of	->	0.297932	8	5	11522260; 20067661; 20856249; 21638327; 22378223
	Disease	depressive-like	depressive-like; Depressive-Like	627	Gene	BDNF	BDNF	alters level of	->	0.297761	6	5	26655599; 27506204; 28284898; 30548775; 33607235
3091	Gene	HIF1A	HIF-1; ProBDNF	7157	Gene	TP53	inflammatory cytokines; vascular endothelial growth factor	positively regulates	->	0.297667	2	2	23333658; 38161282
4205	Chemical	Mirtazapine	mirtazapine	627	Gene	BDNF	BDNF; 5-hydroxytryptamine 2 (5-HT(2)) and H(1) receptors	increases level of	->	0.297510	5	2	19493959; 19644232
627	Gene	BDNF	BDNF; BDNF-Akt	5594	Gene	MAPK1	ERK; ERK2	affects	->	0.297095	2	2	35219720; 37678540
627	Gene	BDNF	BDNF; 5-HT(1A) serotonergic receptor; Bdnf; TPH2-7-142	1312	Gene	COMT	COMT; Comt; TPH2-1-43	affects	->	0.297074	6	5	21449006; 30172724; 31944487; 32738671; 33173990
119570	Chemical	Pramipexole	Pramipexole; pramipexole	627	Gene	BDNF	dopamine D2 receptor; dopamine D2/3 receptor	positively regulates	->	0.296558	2	2	10812530; 34810175
5327	Gene	PLAT	tPA	627	Gene	BDNF	BDNF	is part of	->	0.296343	5	2	16890384; 28375203
627	Gene	BDNF	BDNF		Disease	suicidality	suicidality	is associated with susceptibility to	<-	0.296297	6	3	19641488; 30640051; 31046037
627	Gene	BDNF	5HTT-LPR; BDNF		Disease	neuroticism	neuroticism	is associated with susceptibility to	<-	0.296122	6	2	16319503; 17920693
4204	Gene	MECP2	MeCP2	627	Gene	BDNF	BDNF; tropomyosin-receptor-kinase B	interacts with	<->	0.295874	3	2	26239616; 35711008
627	Gene	BDNF	BDNF; 5-HT(1B) receptor; 5-HT1A receptor	0002025	Disease	psychiatric disorder	psychiatric; Psychiatric; psychiatric illnesses	is associated with susceptibility to	<-	0.295309	4	4	12496953; 15469667; 25543333; 40103195
2882138	Chemical	Antidepressant agent 1	antidepressant drug; antidepressant drugs	627	Gene	BDNF	BDNF; CA2/3	decreases level of	->	0.294657	4	3	20067661; 22378223; 26742791
627	Gene	BDNF	BDNF; dopamine D2 receptor	3569	Gene	IL6	IL-6; DNA methyltransferase (DNMT)1; MAO type A	affects	->	0.294498	6	5	17476365; 21312291; 24140302; 33173990; 39903675
627	Gene	BDNF	BDNF	594	Disease	panic disorder	panic disorder	is associated with susceptibility to	<-	0.292275	2	2	19352215; 31465895
627	Gene	BDNF	BDNF; mBDNF	3569	Gene	IL6	tissue-type plasminogen activator; galanin 2; tropomyosin-related kinase B	positively regulates	->	0.292030	4	3	28375203; 32428748; 38622072
11133125	Chemical	Iolopride I-123	[123I]iodobenzamide; IBZM	627	Gene	BDNF	dopamine D2 receptor	negatively regulates	->	0.291282	2	1	10482381
2697	Gene	GJA1	CRH-induced	627	Gene	BDNF	adrenocorticotropic hormone	positively regulates	->	0.290635	1	1	12573303
5460341	Chemical	Calcium	CA; calcium	627	Gene	BDNF	BDNF	increases level of	->	0.289777	5	2	20703451; 34628790
5594	Gene	MAPK1	ERK	627	Gene	BDNF	BDNF	is part of	->	0.289750	2	2	37543308; 38582152
1813	Gene	DRD2	DRD2; D2DR	627	Gene	BDNF	BDNF; D2/3 receptor; dopamine D2 receptor	interacts with	<->	0.289369	4	3	20067857; 23683269; 25148110
2771	Chemical	Citalopram	citalopram	627	Gene	BDNF	5-HT1A receptor	positively regulates	->	0.289097	3	3	17337123; 18725263; 27895323
3091	Gene	HIF1A	proBDNF	627	Gene	BDNF	BDNF; mBDNF	affects	->	0.288834	11	5	16309851; 18929445; 23537780; 28284898; 28509900
627	Gene	BDNF	BDNF; neurotrophin 3; neurotrophin-3	6272	Gene	SORT1	NT-3; NT3	increases level of	->	0.288793	3	3	11032384; 29102768; 34628790
4893	Chemical	Prazosin	prazosin	627	Gene	BDNF	5-HT(1A); 5-HT1A serotonergic receptors; α2-adrenergic	negatively regulates	->	0.288236	3	2	20081253; 29676236
627	Gene	BDNF	BDNF; adrenocorticotropic hormone	3569	Gene	IL6	IL-6; vasopressin	negatively regulates	->	0.287923	3	2	11849372; 34772918
4852	Gene	NPY	NPY	627	Gene	BDNF	Neuropeptide Y; neuropeptide Y	interacts with	<->	0.287654	3	2	36599082; 36848750
627	Gene	BDNF	BDNF; FK506 Binding Protein 5		Disease	suicidal ideation	suicidal ideation	is associated with susceptibility to	<-	0.286126	8	5	19641488; 23992681; 28246044; 30640051; 31046037
51083	Gene	GAL	GAL	627	Gene	BDNF	Neuropeptide Y; neuropeptide Y	interacts with	<->	0.285966	3	2	36599082; 36848750
146570	Chemical	Escitalopram	escitalopram; S-citalopram	627	Gene	BDNF	BDNF	decreases level of	->	0.285288	4	3	19835669; 21308467; 40816605
7472	Gene	WNT2	Wnt2	627	Gene	BDNF	BDNF	affects	->	0.284452	2	1	30589396
2475	Gene	MTOR	mTOR	627	Gene	BDNF	BDNF; 5-HT1A receptor	increases level of	->	0.284431	4	3	31202810; 32396921; 34601865
6918248	Chemical	Flibanserin	Flibanserin	627	Gene	BDNF	5-HT(1A); 5-HT(2)	positively regulates	->	0.283991	2	1	21324094
627	Gene	BDNF	BDNF; tPA-BDNF	5327	Gene	PLAT	tPA	is part of	->	0.283636	4	2	16890384; 28375203
627	Gene	BDNF	BDNF; mBDNF	3479	Gene	IGF1	IGF-1	increases level of	->	0.283460	2	2	34536433; 40365616
627	Gene	BDNF	BDNF; glial cell line-derived neurotrophic factor	778	Disease	delusional disorder	psychiatric disorders	contributes to	<-	0.283424	4	2	25543333; 31711978
627	Gene	BDNF	BDNF	0000061	Disease	inflammation	inflammation; Inflammation	is a therapeutic target in	<-	0.283192	3	2	36949323; 39145838
55190	Chemical	Gepirone monohydrochloride	gepirone-ER	627	Gene	BDNF	5-HT(1A); 5-HT(2)	negatively regulates	->	0.283132	2	1	21324094
22340255	Chemical	5,5'-Carbonyldiisophthalic acid	5-HT(3), 5-HT(7), and 5-HT(1D) receptor	627	Gene	BDNF	5-HT transporter; 5-HT(1A) receptor; 5-HT(1B) receptor	negatively regulates	->	0.282288	3	1	23252878
627	Gene	BDNF	BDNF; sBDNF	0080832	Disease	mild cognitive impairment	cognitive impairment; cognitive impairments	is associated with susceptibility to	<-	0.282273	2	2	26337518; 34175594
2908	Gene	NR3C1	GR; NR3C1	627	Gene	BDNF	BDNF	decreases level of	->	0.281821	3	3	21616544; 38004136; 41240141
627	Gene	BDNF	BDNF; glial cell line-derived neurotrophic factor	0000061	Disease	inflammation	inflammation	is associated with susceptibility to	<-	0.281762	8	6	19356259; 28550365; 28656803; 31734788; 34637870; 38069144
10522	Gene	DEAF1	NUDR	627	Gene	BDNF	5-HT1A receptor; 5-HT1A receptors	interacts with	<->	0.280324	2	2	14507979; 18561871
627	Gene	BDNF	BDNF	0000124	Disease	seizure	seizure	is associated with susceptibility to	<-	0.280281	3	2	25231834; 27787610
12280577	Chemical	(R)-5-Hydroxy-DPAT hydrobromide	8OH-DPAT	627	Gene	BDNF	5-HT1A receptor	positively regulates	->	0.280102	1	1	27895323
1220	Chemical	8-OH-Dpat	8-OH-DPAT	627	Gene	BDNF	5-HT1A receptor	positively regulates	->	0.280102	1	1	32396921
627	Gene	BDNF	Disrupted-in-schizophrenia 1; dopamine D2 receptor; serotonin (5-HT1A) receptor	1742	Disease	drug psychosis	psychosis; psychoses	is associated with susceptibility to	<-	0.279049	3	3	15469667; 16959794; 18085546
7422	Gene	VEGFA	reuptake inhibitor; serotonin and norepinephrine reuptake inhibitor; serotonin reuptake inhibitor	627	Gene	BDNF	alpha2-adrenergic; serotonin 5-HT(1A) receptor; serotonin and norepinephrine transporters	negatively regulates	->	0.278162	3	3	12585696; 22013560; 40982284
60648	Chemical	Tiagabine	tiagabine	627	Gene	BDNF	GABA reuptake	negatively regulates	->	0.277421	1	1	14728102
28864	Chemical	Lisuride	lisuride	627	Gene	BDNF	5-HT2AR	positively regulates	->	0.277421	1	1	38212441
627	Gene	BDNF	BDNF		Disease	LLD	LLD	is associated with susceptibility to	<-	0.277010	3	2	25149921; 37267732
627	Gene	BDNF	BDNF	4915	Gene	NTRK2	TrkB; NTRK2	affects	->	0.276622	6	4	20202475; 21612826; 28375203; 38002980
5753	Chemical	Corticosterone	corticosterone	627	Gene	BDNF	BDNF; 5-HT1A receptors	affects	->	0.276342	3	2	22591911; 39413901
2159	Chemical	Amisulpride	amisulpride	627	Gene	BDNF	dopamine D2 receptor	negatively regulates	->	0.276125	1	1	38012795
	Disease	cognitive deficits	cognitive deficits	627	Gene	BDNF	BDNF	alters level of	->	0.275440	3	2	31636250; 37225683
3386	Chemical	Fluoxetine	fluoxetine	627	Gene	BDNF	5-HT(1A); 5-HT1A receptor; alpha2-adrenergic	negatively regulates	->	0.275273	3	3	12585696; 20152106; 25942044
627	Gene	BDNF	BDNF; BDNF receptor	4915	Gene	NTRK2	TrkB	increases level of	->	0.275101	5	2	16002234; 35367456
3091	Gene	HIF1A	BDNF-TrkB; electron transport system variant transcription factor 6; immunophilin	207	Gene	AKT1	Akt; FMS-related receptor tyrosine kinase 3	is part of	->	0.275035	3	3	23324805; 36914737; 37047730
6532	Gene	SLC6A4	5-HTTLPR; SERT; SLC6A4	348	Gene	APOE	BDNF-met; brain-derived neurotrophic factor; HTTLPR	decreases level of	->	0.274984	3	3	27023264; 27261564; 27356518
627	Gene	BDNF	FK506 binding protein 5; FK506-binding protein 5	1831	Gene	TSC22D3	GILZ	positively regulates	->	0.274958	2	2	25355489; 25422956
627	Gene	BDNF	BDNF; serotonin (5-HT1A) receptor	14320	Disease	generalized anxiety disorder	anxiety disorders	is associated with susceptibility to	<-	0.274795	2	2	15469667; 31611000
4204	Gene	MECP2	MeCP2	627	Gene	BDNF	BDNF	decreases level of	->	0.274641	4	1	26239616
627	Gene	BDNF	glial cell line-derived neurotrophic factor; Neurotrophin 3; neurotrophin-3	6272	Gene	SORT1	NT-3	is part of	->	0.274587	3	2	11032384; 18313696
27250	Gene	PDCD4	Pdcd4	627	Gene	BDNF	BDNF	positively regulates	->	0.274340	2	2	32203159; 34772918
3569	Gene	IL6	IL-6	627	Gene	BDNF	BDNF	decreases level of	->	0.274292	2	2	28672073; 38101069
627	Gene	BDNF	5HTT-LPR; BDNF	0011918	Disease	anxiety	anxiety-related	is associated with susceptibility to	<-	0.274263	2	2	16319503; 19923862
627	Gene	BDNF	BDNF; tPA-BDNF; tPA-plasminogen	3091	Gene	HIF1A	proBDNF	is part of	->	0.274003	4	2	18929445; 28375203
5728	Gene	PTEN	Pten	627	Gene	BDNF	Bdnf	interacts with	<->	0.273631	1	1	35476290
9925763	Chemical	Serba-2	selective serotonin reuptake inhibitor; selective serotonin reuptake inhibitors	627	Gene	BDNF	5-HT(1A) receptor; 5-HT1A receptor	positively regulates	->	0.273296	2	2	12880941; 26039688
1956	Gene	EGFR	sortilin; ghrelin; PKA; plasmin	627	Gene	BDNF	BDNF; 5-HT(2A) receptor; mBDNF	affects	->	0.273038	7	4	16309851; 19111907; 22183081; 23537780
118162578	Chemical	9-(4'-chloro-[1,1'-biphenyl]-3-yl)-9H-carbazole	3-(4-chlorophenyl)-1,4,5,6,7,8-hexahydro-1-(phenylmethyl)pyrazolo[3,4-d]azepine 2-hydroxy-1,2,3-propanetricarboxylate	627	Gene	BDNF	5-HT(7) receptor	negatively regulates	->	0.271244	1	1	22570363
3091	Gene	HIF1A	proBDNF	23105	Gene	FSTL4	FSTL4	is part of	->	0.271244	1	1	32378057
627	Gene	BDNF	BDNF	12105	Disease	inflammatory spondylopathy	inflammatory; Inflammatory	is associated with susceptibility to	<-	0.271193	5	5	24140302; 28656803; 33176302; 34663990; 38866753
27250	Gene	PDCD4	Pdcd4	627	Gene	BDNF	BDNF	affects	->	0.271189	2	1	32203159
627	Gene	BDNF	BDNF	6285	Gene	S100B	S100-B; S100B	interacts with	<->	0.271145	2	2	24529042; 27108110
1956	Gene	EGFR	sortilin; fibrin; plasmin	3091	Gene	HIF1A	proBDNF	decreases level of	->	0.271123	5	2	23537780; 28236848
3569	Gene	IL6	IL-6; arginine vasopressin	627	Gene	BDNF	BDNF; adrenocorticotropic hormone; neuropeptide Y	affects	->	0.270669	7	5	10913509; 21898706; 31669792; 34078872; 35029704
406921	Gene	MIR132	miR‑132	627	Gene	BDNF	BDNF	affects	->	0.270616	3	1	26239616
sleep_disruption	DeprTerms	sleep disruption	Sleep disruption	627	Gene	BDNF	BDNF	is associated with	<->	0.270517	3	2	19576267; 25258340
627	Gene	BDNF	BDNF	0000099	Disease	pain	pain	is associated with susceptibility to	<-	0.269508	2	1	16600301
5290	Gene	PIK3CA	PI3K	627	Gene	BDNF	BDNF; CREB-BDNF	positively regulates	->	0.269291	2	1	41242308
6420042	Chemical	Dizocilpine Maleate	MK-801; MK801	627	Gene	BDNF	NMDARs	interacts with	<->	0.268600	2	2	24454710; 26013316
	Chemical	5-HT(1D), 5-HT₃ and 5-HT₇ receptor	5-HT(1D), 5-HT₃ and 5-HT₇ receptor	627	Gene	BDNF	5-HT transporter; 5-HT(1A) receptor; 5-HT(1B) receptor	negatively regulates	->	0.268589	3	1	24311349
3091	Gene	HIF1A	proBDNF	627	Gene	BDNF	BDNF	is part of	->	0.268574	3	2	16890384; 18929445
627	Gene	BDNF	BDNF; neuropeptide Y	7422	Gene	VEGFA	calcitonin-gene-related peptide; miR-16-5p; vasoactive intestinal peptide; VEGF	decreases level of	->	0.267981	4	3	18657799; 26047306; 40749756
3091	Gene	HIF1A	ProBDNF; proBDNF	1956	Gene	EGFR	plasmin; fibrin	positively regulates	->	0.267940	3	2	28236848; 28375203
6532	Gene	SLC6A4	SERT	627	Gene	BDNF	5-HT receptor	negatively regulates	->	0.266759	1	1	22171087
high_body_mass_index	DeprTerms	high body mass index	High body mass index	627	Gene	BDNF	BDNF	is associated with	<->	0.266342	3	2	25189990; 30640051
1956	Gene	EGFR	BDNF-targeting; cytoskeletal genes; IL-1α	7422	Gene	VEGFA	miR-16-5p; somatostatin; VEGF	decreases level of	->	0.265998	3	3	17130427; 37004349; 40749756
627	Gene	BDNF	BDNF	2289	Gene	FKBP5	FKBP5	decreases level of	->	0.265849	2	2	28246044; 36377555
627	Gene	BDNF	BDNF; MAOA-uVNTR		Disease	trauma	trauma	is associated with susceptibility to	<-	0.265807	3	3	19357553; 27261564; 31046037
235719	Chemical	3-Nitro-DL-tyrosine	3-nitrotyrosine	627	Gene	BDNF	BDNF	decreases level of	->	0.265775	2	1	28550365
8969	Chemical	Yohimbine	yohimbine	627	Gene	BDNF	5-HT1A serotonergic receptors; α2-adrenergic	negatively regulates	->	0.265758	2	1	29676236
130547532	Chemical	2-(Azetidin-1-yl)imidazo[1,2-a]pyridine-3-carbaldehyde	Amb18709727	627	Gene	BDNF	5-HT1A receptor	interacts with	<->	0.265688	1	1	35881145
6336338	Chemical	Pyrrolo(2,1-a)isoquinoline, 1,2,3,5,6,10b-hexahydro-6-(4-(methylthio)phenyl)-, (6R,10bS)-	McN5652	627	Gene	BDNF	5-HT transporter	interacts with	<->	0.265650	3	1	15488265
3091	Gene	HIF1A	N-methyl-d-aspartate receptor; proBDNF	1956	Gene	EGFR	NMDAR; NMDAR-associated; sortilin	decreases level of	->	0.265469	4	2	16677714; 23537780
627	Gene	BDNF	BDNF	2932	Gene	GSK3B	GSK3B	is part of	->	0.265293	2	1	20033742
4204	Gene	MECP2	MeCP2	627	Gene	BDNF	BDNF	increases level of	->	0.265148	3	2	26239616; 35711008
	Disease	impulsivity	impulsivity	627	Gene	BDNF	MAOA-uVNTR; BDNF	alters level of	->	0.265076	3	2	19357553; 33757426
627	Gene	BDNF	FK506 binding protein 5	6446	Gene	SGK1	SGK1	interacts with	<->	0.264646	1	1	25422956
7422	Gene	VEGFA	FGFR1-Notch-brain-derived neurotrophic factor	627	Gene	BDNF	BDNF	is part of	->	0.264646	1	1	40813470
627	Gene	BDNF	BDNF	4803	Gene	NGF	NGF	decreases level of	->	0.264608	5	2	24128677; 34928896
627	Gene	BDNF	BDNF; mBDNF	5327	Gene	PLAT	tPA	positively regulates	->	0.264209	3	2	28375203; 32428748
5754	Chemical	Cortisol	cortisol	627	Gene	BDNF	5-HT1A receptor; adrenocorticotropic hormone; Adrenocorticotropic Hormone	positively regulates	->	0.264053	5	4	16139805; 17337123; 24080256; 31125758
3091	Gene	HIF1A	proBDNF; N-methyl-D-aspartate receptor	1956	Gene	EGFR	sortilin; NMDAR; plasmin	affects	->	0.263978	6	4	16309851; 22521148; 23537780; 33341455
46194816	Chemical	N8CG9437DN	SSRI	627	Gene	BDNF	BDNF	decreases level of	->	0.263863	4	1	32090756
5142	Gene	PDE4B	PDE4B	627	Gene	BDNF	disrupted-in-schizophrenia 1	interacts with	<->	0.263624	1	1	18785206
6862	Chemical	1-Naphthaleneacetic Acid	NAA	627	Gene	BDNF	BDNF; Glx	affects	->	0.263618	2	2	23253771; 25173431
627	Gene	BDNF	5-HT transporter; serotonin (5-hydroxytryptamine) transporter	6532	Gene	SLC6A4	5-HTT; SERT	affects	->	0.263105	2	2	22921522; 29955033
627	Gene	BDNF	BDNF	4204	Gene	MECP2	MeCP2	positively regulates	->	0.263101	2	1	26239616
12050192	Chemical	R-Venlafaxine Di-p-toluoyl-D-tartrate Salt	venlafaxine-treated	627	Gene	BDNF	BDNF	decreases level of	->	0.262938	2	1	22961097
627	Gene	BDNF	BDNF		Disease	BD II	BD II	is associated with susceptibility to	<-	0.262915	6	1	34175594
207	Gene	AKT1	AKT	627	Gene	BDNF	5-HT2AR; BDNF	interacts with	<->	0.262766	2	2	37782408; 38178196
207	Gene	AKT1	AKT	627	Gene	BDNF	CREB-BDNF	positively regulates	->	0.262622	1	1	41242308
627	Gene	BDNF	BDNF	3569	Gene	IL6	IL-6; neurotrophins	is part of	->	0.262616	2	2	21188787; 39903675
23687323	Chemical	Sodium 3-isopropylbenzenesulfonate	CUMS	627	Gene	BDNF	BDNF	increases level of	->	0.261850	3	1	29933036
mir-132	miRNA	mir-132	mir-132	627	Gene	BDNF	BDNF	regulates	->	0.261604	1	1	26239616
1220	Chemical	8-OH-Dpat	8-Hydroxy-2-(di-n-propylamino)tetralin; 8-OH-DPAT	627	Gene	BDNF	5-HT(1A) receptors; serotonin-1A receptors	negatively regulates	->	0.261397	2	2	17700035; 19215942
406921	Gene	MIR132	miR‑132	627	Gene	BDNF	BDNF	decreases level of	->	0.261228	2	1	26239616
3356	Gene	HTR2A	5-HT2A	627	Gene	BDNF	BDNF	positively regulates	->	0.261207	4	1	28544903
43815	Chemical	Paroxetine	paroxetine	627	Gene	BDNF	BDNF; Beck Depression Inventory-II; glial cell line-derived neurotrophic factor	affects	->	0.260989	4	3	22926616; 24577123; 29627898
6506	Gene	SLC1A2	GLT-1	627	Gene	BDNF	BDNF; glial fibrillary acidic protein	decreases level of	->	0.260885	2	2	30635928; 31582286
8117	Disease	neuronitis	neuro-inflammation	627	Gene	BDNF	BDNF	alters level of	->	0.260669	1	1	33607235
3356	Gene	HTR2A	HTR2A	627	Gene	BDNF	BDNF	affects	->	0.260560	3	2	22356822; 25990886
627	Gene	BDNF	BDNF; 5-hydroxytryptamine receptor 2A	7124	Gene	TNF	IL-1B; interleukin 1 beta; neurotrophic receptor tyrosine kinase 2; TNF-α	affects	->	0.259579	4	4	21742253; 24140302; 28672073; 38002980
119	Chemical	Gamma-Aminobutyric Acid	GABA	627	Gene	BDNF	BDNF	interacts with	<->	0.259561	7	2	21912391; 23128924
4204	Gene	MECP2	MeCP2	627	Gene	BDNF	BDNF	affects	->	0.259359	2	1	26239616
mir-103a-3p	miRNA	mir-103a-3p	mir-103a-3p	627	Gene	BDNF	BDNF	regulates	->	0.259312	2	1	40553784
3091	Gene	HIF1A	BDNF-TrkB; HIF-1; N-methyl-D-aspartate receptor; proBDNF	3324	Disease	mood disorder	mood disorders	is associated with susceptibility to	<-	0.259293	4	4	22521148; 23333658; 28752602; 33341455
5594	Gene	MAPK1	ERK	627	Gene	BDNF	5-HT2AR	interacts with	<->	0.259073	2	1	37782408
627	Gene	BDNF	FK506 binding protein 5; GABA reuptake; glial fibrillary acidic protein	2055	Disease	post-traumatic stress disorder	PTSD; post-traumatic stress	is associated with susceptibility to	<-	0.258412	4	3	14728102; 25191701; 34773851
	Chemical	(	(	627	Gene	BDNF	5-HT(7) receptor	negatively regulates	->	0.258307	1	1	22570363
2771	Chemical	Citalopram	citalopram	627	Gene	BDNF	5-HT(3) receptor; 5-HT1A receptor	negatively regulates	->	0.257097	2	2	22171087; 39828391
7422	Gene	VEGFA	dopamine transporter-1; VEGFA	627	Gene	BDNF	BDNF; serotonin receptor 1A (HT1A) and 2A (	affects	->	0.257092	3	2	32191745; 36039087
6305	Chemical	L-Tryptophan	TRP	627	Gene	BDNF	neuropeptide Y	increases level of	->	0.256972	1	1	19896342
	Gene	BDNF-heterozygous	BDNF-heterozygous	627	Gene	BDNF	BDNF; Bdnf	decreases level of	->	0.256589	2	2	21912391; 23128924
9966051	Chemical	Vortioxetine	Lu AA21004; Vortioxetine	627	Gene	BDNF	5-HT(1A); 5-HT(1B); 5-HT(7); 5-HT1A receptors	interacts with	<->	0.256483	4	2	21486038; 36206848
975	Gene	CD81	CD81	627	Gene	BDNF	BDNF	decreases level of	->	0.256283	2	1	39246428
3350	Gene	HTR1A	HTR1A; 5-HT1A	627	Gene	BDNF	5-HT1A receptor; 5-HT1A receptors; BDNF	affects	->	0.256198	3	3	25990886; 28608854; 30194544
627	Gene	BDNF	BDNF	12261	Disease	TRDN	TRD	is associated with susceptibility to	<-	0.256101	2	2	25226864; 37047730
1499	Gene	CTNNB1	Gαi1/3	7422	Gene	VEGFA	BDNF-induced	negatively regulates	->	0.256077	1	1	29507199
	Gene	ERK-BDNF	ERK-BDNF	1742	Gene	DLG4	PSD95	is part of	->	0.256054	1	1	37678540
627	Gene	BDNF	BDNF	0050429	Disease	Hailey-Hailey disease	HA	is associated with susceptibility to	<-	0.255708	3	1	19923862
627	Gene	BDNF	neurotrophin-3; neurotrophin-4	4909	Gene	NTF4	NT-4	increases level of	->	0.255438	2	1	34628790
4886	Gene	NPY1R	NPY1R	627	Gene	BDNF	BDNF	interacts with	<->	0.255373	2	1	38626283
3091	Gene	HIF1A	proBDNF	4804	Gene	NGFR	p75NTR	affects	->	0.255032	5	2	23537780; 28375203
10805	Chemical	Methoxyhydroxyphenylglycol	MHPG	627	Gene	BDNF	BDNF	affects	->	0.254792	2	1	16555165
627	Gene	BDNF	adrenocorticotropic hormone	5443	Gene	POMC	ACTH	decreases level of	->	0.254760	2	2	32593866; 40445583
6507	Gene	SLC1A3	GLAST	627	Gene	BDNF	BDNF; glial fibrillary acidic protein	decreases level of	->	0.254596	2	2	30635928; 31582286
3091	Gene	HIF1A	proBDNF	4915	Gene	NTRK2	TrkB	affects	->	0.254360	4	2	23537780; 28375203
627	Gene	BDNF	BDNF	3091	Gene	HIF1A	proBDNF	increases level of	->	0.254354	1	1	33358963
627	Gene	BDNF	BDNF	2475	Gene	MTOR	mTOR	increases level of	->	0.254327	3	2	32396921; 35871433
627	Gene	BDNF	BDNF	7422	Gene	VEGFA	TrkB receptor	negatively regulates	->	0.254122	2	1	37225683
5582	Gene	PRKCG	PRKCG	627	Gene	BDNF	BDNF	interacts with	<->	0.254095	3	1	26921055
627	Gene	BDNF	BDNF; 5-hydroxytryptamine receptor 1A; 5-hydroxytryptamine receptor 2A	3356	Gene	HTR2A	5-HT2A; HTR2A	is part of	->	0.254008	4	2	19560507; 28544903
68617	Chemical	Sertraline	sertraline; sertraline-resistant	627	Gene	BDNF	BDNF	affects	->	0.253929	6	3	18511076; 18803170; 23615118
627	Gene	BDNF	BDNF; glial-fibrillary-acidic-protein	0000061	Disease	inflammation	inflammation	is a biomarker of	<-	0.253897	2	2	23711979; 36059088
627	Gene	BDNF	BDNF		Disease	depressive-like	depressive-like	is associated with susceptibility to	<-	0.253707	4	4	28284898; 31582286; 35123326; 41786805
627	Gene	BDNF	glial fibrillary acidic protein	2670	Gene	GFAP	GFAP	affects	->	0.253405	4	4	11063981; 11576757; 20580095; 41683895
627	Gene	BDNF	BDNF	1742	Gene	DLG4	PSD95	decreases level of	->	0.253371	4	3	28284898; 31115613; 33181270
627	Gene	BDNF	BDNF; doublecortin	1641	Gene	DCX	DCX	positively regulates	->	0.253347	2	2	25689572; 27506204
139443	Chemical	1-Eicosanethiol	ECT	627	Gene	BDNF	BDNF	increases level of	->	0.252631	2	1	25073431
3569	Gene	IL6	IL-6; IL6; P2X7 receptor	627	Gene	BDNF	BDNF; doublecortin; glial fibrillary acidic protein	increases level of	->	0.252102	3	3	30205379; 33737174; 38256257
627	Gene	BDNF	glial cell line-derived neurotrophic factor	5979	Gene	RET	neurturin; persephin	is part of	->	0.252089	2	1	18313696
3000322	Chemical	Boro-Scopol	scopolamine	627	Gene	BDNF	BDNF	affects	->	0.252087	4	1	39413901
3350	Gene	HTR1A	5-HT1A; HTR1A	627	Gene	BDNF	5-HT1A receptor; BDNF	increases level of	->	0.252064	2	2	19423080; 38664360
7040	Gene	TGFB1	miR-142-5p; salt-inducible kinase 2	627	Gene	BDNF	BDNF	affects	->	0.252018	2	2	36702294; 39145838
627	Gene	BDNF	glial cell line-derived neurotrophic factor	7852	Gene	CXCR4	artemin	is part of	->	0.251874	1	1	18313696
6855	Gene	SYP	SYP	3091	Gene	HIF1A	BDNF-TrkB	positively regulates	->	0.251874	1	1	40346051
3822	Chemical	Ketanserin	ketanserin	627	Gene	BDNF	5-HT(2A) receptor; 5-HT2AR	interacts with	<->	0.251384	2	2	16140277; 25150943
681	Chemical	Dopamine	dopamine	627	Gene	BDNF	D2/3 receptor	decreases level of	->	0.251308	4	1	32040562
3821	Chemical	Ketamine	ketamine	627	Gene	BDNF	BDNF	increases level of	->	0.251142	3	2	22676966; 25258340
759	Gene	CA1	CA1	627	Gene	BDNF	CA2/3	decreases level of	->	0.251042	2	2	37459779; 38389334
627	Gene	BDNF	BDNF	0081008	Disease	Lodder-Merla syndrome type 1 with impaired intellectual development and cardiac arrhythmia	LOD	is associated with susceptibility to	<-	0.250892	2	1	19473709
1392	Gene	CRH	CRH	627	Gene	BDNF	BDNF; FK506-binding protein	interacts with	<->	0.250798	2	1	37243534
627	Gene	BDNF	BDNF; Serotonin-1A receptor	1883	Disease	hepatitis C	hepatitis C	is associated with susceptibility to	<-	0.250610	2	2	20667172; 24462335
627	Gene	BDNF	5-hydroxytryptamine receptor 2A; BDNF	10933	Disease	obsessive-compulsive disorder	obsessive-compulsive disorder	is associated with susceptibility to	<-	0.250433	2	2	25543333; 41057833
2475	Gene	MTOR	mTOR	627	Gene	BDNF	BNDF	affects	->	0.250287	1	1	34601865
627	Gene	BDNF	BDNF	5604	Gene	MAP2K1	MEK1	decreases level of	->	0.250116	4	1	24709918
627	Gene	BDNF	BDNF	348	Gene	APOE	APOE; brain derived neurotrophic factor; brain-derived neurotrophic factor	increases level of	->	0.250003	3	3	19641488; 20346518; 38664360
627	Gene	BDNF	5-HT1A,/1B; 5-hydroxytryptamine receptor 2a	3356	Gene	HTR2A	5-HT2A; Htr2a	negatively regulates	->	0.249803	2	2	23706576; 40408492
9821397	Chemical	5-HT1A modulator 1	5-HT1A	627	Gene	BDNF	5-HT1A receptor	positively regulates	->	0.249577	2	1	16039621
	Chemical	serotonin reuptake inhibitor	serotonin reuptake inhibitor	627	Gene	BDNF	(5-HT(1A)) receptor; 5-HT1A receptor	positively regulates	->	0.249437	2	2	19284933; 30194544
627	Gene	BDNF	5-HT(1A) receptor; BDNF; glial cell line-derived neurotrophic factor		Disease	epileptic	epileptic	is associated with susceptibility to	<-	0.249329	6	2	17588547; 38069144
2912	Gene	GRM2	GRM2	627	Gene	BDNF	BDNF	affects	->	0.249136	2	1	22356822
5327	Gene	PLAT	tPA	3091	Gene	HIF1A	proBDNF	affects	->	0.249035	3	2	28375203; 39244009
56842239	Chemical	Omega-3 Fatty Acids	n-3 PUFA	627	Gene	BDNF	BDNF	positively regulates	->	0.248793	2	1	32504049
2904	Gene	GRIN2B	GluN2B-containing	627	Gene	BDNF	NMDARs	decreases level of	->	0.248746	1	1	33059355
	Disease	depression-like	depression-like	627	Gene	BDNF	BDNF; doublecortin	alters level of	->	0.248665	3	3	33737174; 37543308; 38582152
3091	Gene	HIF1A	carnitine palmitoyltransferase 1 C; proBDNF; κ opioid receptor		Disease	depressive-like	depressive-like	contributes to	<-	0.248408	3	3	28284898; 34035484; 41741705
627	Gene	BDNF	glial cell line-derived neurotrophic factor; Glial cell line-derived neurotrophic factor	348	Gene	APOE	brain-derived neurotrophic factor; neurotrophic factor	is part of	->	0.248013	2	2	18313696; 24436216
5327	Gene	PLAT	tPA	3091	Gene	HIF1A	proBDNF	is part of	->	0.247948	2	2	16890384; 28375203
627	Gene	BDNF	BDNF	0081121	Disease	inclusion body myopathy and brain white matter abnormalities	white matter abnormalities	is associated with susceptibility to	<-	0.247728	1	1	20346518
627	Gene	BDNF	BDNF		Disease	atrophy of the PFC	atrophy of the PFC	is associated with susceptibility to	<-	0.247646	2	1	26078197
627	Gene	BDNF	BDNF	207	Gene	AKT1	AKT1	is part of	->	0.247624	2	1	20033742
9091	Disease	REM sleep behavior disorder	behavioral disorders	627	Gene	BDNF	BDNF	alters level of	->	0.247588	1	1	32203159
627	Gene	BDNF	BDNF; Neuropeptide Y	4852	Gene	NPY	NPY	decreases level of	->	0.247396	2	2	21912391; 33009815
12105	Disease	inflammatory spondylopathy	inflammatory	627	Gene	BDNF	BDNF; glial fibrillary acidic protein	alters level of	->	0.247315	3	3	21536333; 35029704; 40367123
114548	Gene	NLRP3	AVP	627	Gene	BDNF	adrenocorticotropic hormone	positively regulates	->	0.247254	1	1	34369341
92786	Chemical	Allopregnanolone	allopregnanolone	627	Gene	BDNF	BDNF	increases level of	->	0.247254	1	1	37980294
627	Gene	BDNF	5-HT1A receptor	0000302	Disease	hypothermia	hypothermic	is a therapeutic target in	<-	0.247221	2	1	17337123
627	Gene	BDNF	BDNF; dopamine D2 receptor	1813	Gene	DRD2	DRD2	affects	->	0.247136	2	2	17476365; 22356822
627	Gene	BDNF	BDNF	27250	Gene	PDCD4	Pdcd4	negatively regulates	->	0.247039	4	1	32203159
627	Gene	BDNF	glial cell line-derived neurotrophic factor	0051061	Disease	stroke	stroke	is a biomarker of	<-	0.246880	1	1	28819313
3565	Gene	IL4	IL-4; IL4	627	Gene	BDNF	BDNF; doublecortin	increases level of	->	0.246562	2	2	33737174; 41331746
10522	Gene	DEAF1	NUDR	627	Gene	BDNF	5-HT1A receptor; 5-HT1A receptors	decreases level of	->	0.246104	2	1	18561871
	Gene	5-HT1D, 5-HT3, and 5-HT7 receptors	5-HT1D, 5-HT3, and 5-HT7 receptors	627	Gene	BDNF	5-HT1A receptors	positively regulates	->	0.246064	1	1	36206848
627	Gene	BDNF	CA2/3	762	Gene	CA4	CA4	decreases level of	->	0.245985	2	2	37459779; 38389334
160436	Chemical	Serotonin Hydrochloride	5-hydroxytryptamine-1A	627	Gene	BDNF	(5-HT(1A)) receptor	positively regulates	->	0.245800	1	1	19284933
5143	Chemical	Saccharin	saccharin	627	Gene	BDNF	BDNF	increases level of	->	0.245800	1	1	23653679
2064	Gene	ERBB2	miR-146a-3p	627	Gene	BDNF	BDNF	interacts with	<->	0.245800	1	1	41825795
627	Gene	BDNF	BDNF	12858	Disease	Huntington's disease	psychiatric diseases	is associated with susceptibility to	<-	0.245472	1	1	16890384
3386	Chemical	Fluoxetine	fluoxetine	627	Gene	BDNF	BDNF	increases level of	->	0.245248	3	3	23653679; 26514447; 28833192
627	Gene	BDNF	BDNF		Disease	late-onset depression	late-onset depression	is associated with susceptibility to	<-	0.245170	1	1	19473709
5743	Chemical	Dexamethasone	dexamethasone	627	Gene	BDNF	alpha2-adrenergic	positively regulates	->	0.245097	1	1	12759559
4828	Chemical	Pindolol	pindolol	627	Gene	BDNF	5-HT(1A) receptor	positively regulates	->	0.245097	1	1	12880941
627	Gene	BDNF	glial fibrillary acidic protein	2670	Gene	GFAP	GFAP	increases level of	->	0.245086	2	2	38256257; 41592094
627	Gene	BDNF	5-HT(1B) receptor; dopamine D2 receptor	0050668	Disease	alcohol-related birth defects	alcoholism	is associated with susceptibility to	<-	0.245022	2	2	12496953; 17476365
123831	Chemical	N,N-Dimethylarginine	ADMA; asymmetric dimethylarginine	627	Gene	BDNF	BDNF	negatively regulates	->	0.244970	2	1	26175142
627	Gene	BDNF	BDNF; neurotrophin-3	6774	Gene	STAT3	human growth hormone; IFN-α-induced	positively regulates	->	0.244905	4	2	19921971; 20667172
5419	Disease	schizophrenia	schizophrenia	3091	Gene	HIF1A	kappa opioid receptor; proBDNF	alters level of	->	0.244789	3	2	11576758; 28509900
627	Gene	BDNF	BDNF	335	Gene	APOA1	Annexin II	is part of	->	0.244388	1	1	16890384
627	Gene	BDNF	BDNF	9048	Gene	ARTN	ARTN	decreases level of	->	0.244388	1	1	24994477
627	Gene	BDNF	BDNF	7076	Gene	TIMP1	synapsin I	is part of	->	0.244388	1	1	38552437
161166	Chemical	Kynurenine	KYN	627	Gene	BDNF	BDNF	interacts with	<->	0.244388	1	1	40576678
10747	Gene	MASP2	MAP2	3091	Gene	HIF1A	BDNF-TrkB	positively regulates	->	0.244388	1	1	40346051
627	Gene	BDNF	BDNF; serotonin(1A) (5-HT(1A)) receptor	5419	Disease	schizophrenia	schizophrenia	contributes to	<-	0.244102	3	2	15056522; 31711978
627	Gene	BDNF	BDNF	1385	Gene	CREB1	CREB	decreases level of	->	0.244015	3	3	35711008; 35871433; 38004136
627	Gene	BDNF	glial fibrillary acidic protein	2670	Gene	GFAP	GFAP	positively regulates	->	0.243206	2	2	34600287; 36958487
3091	Gene	HIF1A	proBDNF	0002021	Disease	gingival disorder	GI disorders	is associated with susceptibility to	<-	0.243067	1	1	32588356
189460	Chemical	Catecholamine	catecholamine	627	Gene	BDNF	brain-derived neurotrophic factors	affects	->	0.243018	1	1	16555165
627	Gene	BDNF	BDNF; serotonin-1A	6532	Gene	SLC6A4	SERT; SLC6A4	decreases level of	->	0.242983	2	2	28711621; 36377555
627	Gene	BDNF	BDNF	6281	Gene	S100A10	p11	is part of	->	0.241991	3	1	16890384
122190591	Chemical	1-(3-iodophenyl)-4-(3-nitrophenyl)-1H-1,2,3-triazole	IP3-mediated; M2-induced	627	Gene	BDNF	Bdnf; dopamine D2 receptor	negatively regulates	->	0.241771	2	2	30504797; 35079131
	Gene	5HT2CR	5HT2CR	627	Gene	BDNF	BDNF	negatively regulates	->	0.241736	1	1	39957158
1385	Gene	CREB1	CREB	627	Gene	BDNF	BDNF	increases level of	->	0.241695	1	1	35452773
1385	Gene	CREB1	CREB	627	Gene	BDNF	BDNF	decreases level of	->	0.241695	1	1	35452773
0080134	Disease	multiple mitochondrial dysfunctions syndrome 2	mitochondrial dysfunction	627	Gene	BDNF	BDNF	alters level of	->	0.241609	1	1	38301816
627	Gene	BDNF	BDNF; neurotrophin-3	4852	Gene	NPY	NPY; neuropeptide Y1 receptors	positively regulates	->	0.241490	3	2	19921971; 38622072
3356	Gene	HTR2A	Htr2a	627	Gene	BDNF	5-HT2AR; 5-hydroxytryptamine receptor 2a	negatively regulates	->	0.241229	2	2	24801750; 40408492
3091	Gene	HIF1A	proBDNF; ProBDNF	5327	Gene	PLAT	tPA	positively regulates	->	0.241229	2	2	28236848; 28375203
30818	Gene	KCNIP3	calcium-regulated repressor	627	Gene	BDNF	5-HT(1A) receptor	affects	->	0.241039	1	1	20392296
627	Gene	BDNF	BDNF	3558	Gene	IL2	IL-2	increases level of	->	0.241039	1	1	25241757
407006	Gene	MIR221	MiR-221	627	Gene	BDNF	BDNF	affects	->	0.240859	2	1	30589396
	Disease	MDD-related	MDD-related	627	Gene	BDNF	BDNF; BDNF-dependent	alters level of	->	0.240722	5	1	23570888
3386	Chemical	Fluoxetine	fluoxetine	3091	Gene	HIF1A	proBDNF; N-methyl-D-aspartate receptor	negatively regulates	->	0.240632	3	2	28748374; 32588356
83996	Chemical	Amifostine Monohydrate	L694,247	627	Gene	BDNF	5-HT(1B) receptor	positively regulates	->	0.240392	1	1	12374629
627	Gene	BDNF	BDNF	7852	Gene	CXCR4	Artemin	increases level of	->	0.240392	1	1	24994477
627	Gene	BDNF	dopamine D2 receptors	1813	Gene	DRD2	D2R	positively regulates	->	0.240392	1	1	40065395
3091	Gene	HIF1A	proBDNF	12105	Disease	inflammatory spondylopathy	inflammatory	is a biomarker of	<-	0.240108	2	1	38161282
6076	Chemical	Camp	cAMP	627	Gene	BDNF	BDNF	affects	->	0.239768	1	1	22194899
11349421	Chemical	(4-{4-[4-(1H-pyrazol-4-yl)-phenyl]-piperidin-4-yl}-phenoxy)-acetic acid	Amb37857532	627	Gene	BDNF	5-HT1A receptor	interacts with	<->	0.239768	1	1	35881145
627	Gene	BDNF	BDNF; Serotonin-1A receptors		Disease	suicide	suicide	contributes to	<-	0.239430	2	2	19215942; 37243534
12261	Disease	TRDN	TRD	627	Gene	BDNF	BDNF; 5-HT1A receptor	alters level of	->	0.239288	3	2	24709918; 40461473
627	Gene	BDNF	glial cell line-derived neurotrophic factor	9048	Gene	ARTN	ARTN	is part of	->	0.239140	1	1	18313696
4915	Gene	NTRK2	TrkB	3091	Gene	HIF1A	proBDNF	affects	->	0.239140	1	1	28375203
3146	Gene	HMGB1	HMGB-1	627	Gene	BDNF	BDNF	increases level of	->	0.239012	2	1	34637870
627	Gene	BDNF	BDNF	0060935	Disease	infantile hypotonia with psychomotor retardation and characteristic facies-3	psychomotor retardation	is associated with susceptibility to	<-	0.238808	1	1	29516593
3091	Gene	HIF1A	proBDNF	12105	Disease	inflammatory spondylopathy	inflammatory	is a therapeutic target in	<-	0.238808	1	1	38161282
137661516	Chemical	Selective PI3Kdelta Inhibitor 1	selective 5-HT reuptake inhibitors; selective serotonin	627	Gene	BDNF	5-HT(1A); serotonin 5-HT(1A) receptor	positively regulates	->	0.238714	2	2	22013560; 22050051
627	Gene	BDNF	BDNF		Disease	suicidal behaviour	suicidal behaviour	contributes to	<-	0.238541	1	1	18600033
	Gene	ERK-BDNF	ERK-BDNF	3190	Gene	HNRNPK	hnRNPK	is part of	->	0.238541	1	1	37543308
2670	Gene	GFAP	GFAP	627	Gene	BDNF	glial fibrillary acidic protein	interacts with	<->	0.238533	2	2	33689861; 37735127
627	Gene	BDNF	BDNF	1270	Gene	CNTF	CNTF	decreases level of	->	0.238520	1	1	36142325
627	Gene	BDNF	5-HT1A receptor; BDNF		Disease	psychopathology	psychopathology	is associated with susceptibility to	<-	0.238316	3	2	15469667; 20226536
627	Gene	BDNF	BDNF	2908	Gene	NR3C1	NR3C1	decreases level of	->	0.238059	2	2	28246044; 36377555
627	Gene	BDNF	cognitive-behavior therapy	14320	Disease	generalized anxiety disorder	GAD; generalized anxiety disorder	is a therapeutic target in	<-	0.238032	2	1	12527544
2803	Chemical	Clonidine	clonidine	627	Gene	BDNF	alpha2-adrenergic	positively regulates	->	0.237911	1	1	12759559
627	Gene	BDNF	BDNF	5196	Gene	PF4	PF4	positively regulates	->	0.237911	1	1	15860348
627	Gene	BDNF	BDNF	2932	Gene	GSK3B	GSK3B	affects	->	0.237911	1	1	20682308
627	Gene	BDNF	BDNF	5327	Gene	PLAT	tPA	increases level of	->	0.237911	1	1	39244009
6281	Gene	S100A10	p11	627	Gene	BDNF	5-HT(1B) receptor; 5-HT(1B) receptors	increases level of	->	0.237831	2	1	16890384
3091	Gene	HIF1A	proBDNF		Disease	depression-associated	depression-associated	is associated with susceptibility to	<-	0.237768	1	1	32588356
	Gene	GABABRs	GABABRs	627	Gene	BDNF	NMDARs	negatively regulates	->	0.237768	1	1	33432187
627	Gene	BDNF	BDNF	5604	Gene	MAP2K1	MEK1	affects	->	0.237732	6	1	24709918
627	Gene	BDNF	BDNF; Serotonin (5-HT) receptors	29040	Disease	SZT2	SZ	is associated with susceptibility to	<-	0.237654	2	2	27756686; 30794585
627	Gene	BDNF	BDNF; NMDARs	2904	Gene	GRIN2B	NR2B; GluN2B	decreases level of	->	0.237615	3	2	28284898; 33059355
1392	Gene	CRH	CRF; CRH	627	Gene	BDNF	adrenocorticotropic hormone; BDNF	decreases level of	->	0.237528	2	2	12573303; 18329817
627	Gene	BDNF	5-hydroxytryptamine receptor subtype 1a; adrenocorticotropic hormone	7124	Gene	TNF	cannabinoid receptor; corticotropin-releasing hormone	positively regulates	->	0.237159	2	2	34369341; 39423325
2882138	Chemical	Antidepressant agent 1	tricyclic antidepressants; antidepressant drugs; antidepressants	627	Gene	BDNF	BDNF; alpha2-adrenergic; neurotrophin 3	negatively regulates	->	0.236854	4	3	12585696; 29102768; 38594753
627	Gene	BDNF	BDNF	6750	Gene	SST	SST	decreases level of	->	0.236844	2	2	21912391; 30449530
6532	Gene	SLC6A4	5HTTLPR; 5-HTTLPR; SLC6A4	627	Gene	BDNF	BDNF	affects	->	0.236821	5	3	21692988; 25990886; 27261564
2064	Gene	ERBB2	miR-146a-3p	627	Gene	BDNF	BDNF; BDNF-dependent	negatively regulates	->	0.236736	3	1	41825795
4318	Gene	MMP9	Spindle and kinetochore-associated protein 2	627	Gene	BDNF	FK506-binding protein 5	interacts with	<->	0.236707	1	1	27030168
3791	Gene	KDR	Kdr	627	Gene	BDNF	Bdnf	interacts with	<->	0.236707	1	1	35476290
627	Gene	BDNF	BDNF	2475	Gene	MTOR	mTOR	is part of	->	0.236707	1	1	38552437
1742	Gene	DLG4	PSD-95	3091	Gene	HIF1A	BDNF-TrkB	positively regulates	->	0.236707	1	1	40346051
627	Gene	BDNF	BDNF		Disease	LLD	LLD	contributes to	<-	0.236688	8	1	37267732
627	Gene	BDNF	BDNF	406921	Gene	MIR132	miR‑132	negatively regulates	->	0.236420	2	1	26239616
0060486	Disease	Perry syndrome	Depressive Syndrome	627	Gene	BDNF	BDNF	alters level of	->	0.236178	1	1	35452773
5754	Chemical	Cortisol	cortisol	627	Gene	BDNF	adrenocorticotropic hormone; BDNF; Neuropeptide Y	affects	->	0.236152	3	3	16112814; 36113394; 36567366
627	Gene	BDNF	5-HT(1A)R	0000412	Disease	anxiety	anxiety	contributes to	<-	0.236100	1	1	14736842
3091	Gene	HIF1A	proBDNF	5054	Gene	SERPINE1	PAI-1	increases level of	->	0.235544	1	1	39244009
4780	Gene	NFE2L2	Nrf2	627	Gene	BDNF	BDNF	positively regulates	->	0.235544	1	1	41242308
627	Gene	BDNF	BDNF		Disease	suicidal ideation	suicidal ideation	is a biomarker of	<-	0.234567	3	2	23992681; 38018943
3091	Gene	HIF1A	proBDNF	335	Gene	APOA1	Annexin II	is part of	->	0.234395	1	1	16890384
3028194	Chemical	Lithium	lithium	627	Gene	BDNF	5-HT(1B) receptors	interacts with	<->	0.234345	2	1	12374629
3303	Gene	HSPA1A	HSPA1A	627	Gene	BDNF	BDNF	interacts with	<->	0.234293	4	1	29703883
627	Gene	BDNF	adrenocorticotropic hormone; BDNF	207	Gene	AKT1	Akt; corticotropin releasing factor	negatively regulates	->	0.234223	2	2	11849372; 34497360
3821	Chemical	Ketamine	ketamine	627	Gene	BDNF	BDNF; NMDARs	interacts with	<->	0.233858	2	2	19744406; 24454710
3359	Gene	HTR3A	5-HT₁A receptor	627	Gene	BDNF	5-HT1A receptor	decreases level of	->	0.233844	1	1	24345571
3091	Gene	HIF1A	proBDNF	6281	Gene	S100A10	p11	is part of	->	0.233495	2	1	16890384
3091	Gene	HIF1A	electron transport system variant transcription factor 6; proBDNF	1956	Gene	EGFR	plasmin; serine kinase H1	is part of	->	0.233491	2	2	16890384; 36914737
627	Gene	BDNF	BDNF	4233	Gene	MET	Met	decreases level of	->	0.233290	1	1	20703451
627	Gene	BDNF	BDNF	1229	Disease	paranoid schizophrenia	schizophrenia-in	is associated with susceptibility to	<-	0.232808	1	1	16005437
627	Gene	BDNF	BDNF; dopamine D2 receptor	1094	Disease	attention deficit hyperactivity disorder	ADHD; attention-deficit hyperactivity disorder	is associated with susceptibility to	<-	0.232773	2	2	16890384; 24780147
4846	Gene	NOS3	5-HT1B receptor	627	Gene	BDNF	5-HT transporter	negatively regulates	->	0.232732	1	1	21767441
627	Gene	BDNF	BDNF	3576	Gene	CXCL8	IL-8	increases level of	->	0.232732	1	1	41331746
54862	Gene	CC2D1A	Freud-1	627	Gene	BDNF	5-HT(1A) receptor; 5-HT(1A) receptors	affects	->	0.232513	3	1	20392296
627	Gene	BDNF	BDNF	207	Gene	AKT1	AKT; orexin-A	increases level of	->	0.232281	2	2	19844754; 35871433
627	Gene	BDNF	BDNF	0060167	Disease	seasonal affective disorder	affective disorders	contributes to	<-	0.232230	3	1	30929061
9818802	Chemical	CP-316311	CP-316,311	627	Gene	BDNF	corticotropin-releasing hormone type 1 (CRH(1)) receptors	negatively regulates	->	0.232201	1	1	18413705
4204	Gene	MECP2	MeCP2	627	Gene	BDNF	BDNF	is part of	->	0.232201	1	1	35711008
2908	Gene	NR3C1	glucocorticoid receptors	627	Gene	BDNF	5-hydroxytryptamine receptor 2a	negatively regulates	->	0.232201	1	1	40408492
627	Gene	BDNF	BDNF; BDNF-Val	7040	Gene	TGFB1	miR-142-5p; SERT-L	affects	->	0.232143	2	2	26956059; 39145838
7157	Gene	TP53	heat shock protein 90; hypoxia-inducible factor 1-alpha; plasminogen activator inhibitor-1	3091	Gene	HIF1A	HIF1α; proBDNF	affects	->	0.231728	3	2	39244009; 40389099
3028194	Chemical	Lithium	lithium	627	Gene	BDNF	5-HT(2) receptors; BDNF	affects	->	0.231728	2	2	11740973; 25012449
3091	Gene	HIF1A	N-methyl-D-aspartate receptor; proBDNF	627	Gene	BDNF	BDNF	increases level of	->	0.231669	2	2	31760154; 33878808
207	Gene	AKT1	5-HT(3A) and 5-HT(7) receptors; Akt	627	Gene	BDNF	5-HT(1A) receptors; 5-HT(1B) receptors; BDNF	negatively regulates	->	0.231193	3	2	21486038; 34497360
815	Gene	CAMK2A	CaMKIIα		Gene	ERK-BDNF	ERK-BDNF	is part of	->	0.230701	1	1	37678540
150	Gene	ADRA2A	ADRA2A	627	Gene	BDNF	BDNF	affects	->	0.230617	1	1	22356822
23687323	Chemical	Sodium 3-isopropylbenzenesulfonate	CUMS	627	Gene	BDNF	BDNF	decreases level of	->	0.230617	1	1	31284015
7422	Gene	VEGFA	corticotrophin-releasing factor; Vegfα	627	Gene	BDNF	BDNF; Bdnf	decreases level of	->	0.230490	2	2	18329817; 35476290
627	Gene	BDNF	Glx	0019177	Disease	fatigue	fatigue	contributes to	<-	0.230237	1	1	41485508
627	Gene	BDNF	adrenocorticotropic hormone	5443	Gene	POMC	ACTH	negatively regulates	->	0.230227	2	1	11849372
627	Gene	BDNF	BDNF	0090105	Disease	autosomal recessive hypercholesterolemia	hypercholesterolemia	is associated with susceptibility to	<-	0.230167	1	1	23350796
162643769	Chemical	Antiparasitic agent-2	antipsychotic agent	627	Gene	BDNF	5-HT(1A)	positively regulates	->	0.230088	1	1	15003076
627	Gene	BDNF	FK506-binding protein 5	6347	Gene	CCL2	glucocorticoid-induced leucine zipper	interacts with	<->	0.230088	1	1	25355489
3064	Gene	HTT	N-methyl-d-aspartate receptors	627	Gene	BDNF	NMDARs	increases level of	->	0.230088	1	1	28566490
3064	Gene	HTT	N-methyl-D-aspartate receptors	627	Gene	BDNF	NMDARs	negatively regulates	->	0.230088	1	1	33432187
3576	Gene	CXCL8	IL-8	627	Gene	BDNF	BDNF	increases level of	->	0.230088	1	1	41331746
1956	Gene	EGFR	BDNF-NTRK2-CREB		Disease	suicide	suicide	contributes to	<-	0.230051	1	1	26921221
3569	Gene	IL6	neurotrophins; tissue-type plasminogen activator	627	Gene	BDNF	BDNF; mBDNF; neurotrophin 3	positively regulates	->	0.229941	3	2	24128677; 28375203
627	Gene	BDNF	BDNF		Disease	depressive-like	depressive-like	contributes to	<-	0.229893	2	2	28284898; 33176302
5074	Gene	PAWR	Par-4	627	Gene	BDNF	dopamine D2 receptor	interacts with	<->	0.229754	2	1	20067857
627	Gene	BDNF	adrenocorticotropic hormone; neuropeptide Y	1392	Gene	CRH	CRF; CRH	negatively regulates	->	0.229634	3	2	11849372; 16112814
271	Chemical	Calcium Cation	Ca2+	627	Gene	BDNF	BDNF	affects	->	0.229587	1	1	22194899
43815	Chemical	Paroxetine	paroxetine	627	Gene	BDNF	BDNF	increases level of	->	0.229587	1	1	21638327
627	Gene	BDNF	BDNF; dopamine D2/3 receptor		Disease	unipolar and bipolar depression	unipolar and bipolar depression	is associated with susceptibility to	<-	0.229473	2	2	29111077; 34810175
	Chemical	(S)-WAY100135	(S)-WAY100135	627	Gene	BDNF	5-HT1A receptor	negatively regulates	->	0.229409	1	1	39828391
	Gene	BDNF-heterozygous	BDNF-heterozygous	627	Gene	BDNF	BDNF; Bdnf	negatively regulates	->	0.229381	2	1	23128924
12924837	Chemical	8-Methoxy-1,2,3,4-tetrahydro-naphthalen-2-ylamine hydrochloride	5-HT1A partial	627	Gene	BDNF	5-HT transporter; 5-HT1A receptors	positively regulates	->	0.229329	2	1	23216998
4803	Gene	NGF	NGF	627	Gene	BDNF	BDNF	decreases level of	->	0.229232	2	2	24128677; 34928896
145708062	Chemical	DO3A-Serotonin	serotonin-induced	627	Gene	BDNF	5-HT(2A) platelet receptors; 5-HT(2A) receptor	positively regulates	->	0.229149	2	1	12457378
627	Gene	BDNF	doublecortin	0060282	Disease	persistent hyperplastic primary vitreous	hyperplastic	is a biomarker of	<-	0.229044	1	1	25689572
11249539	Chemical	Jnj-18038683	JNJ-18038683	627	Gene	BDNF	5-HT(7) receptor; 5-hydroxytryptamine type 7 receptor	negatively regulates	->	0.228967	2	1	22570363
627	Gene	BDNF	BDNF		Gene	BDNF-heterozygous	BDNF-heterozygous	decreases level of	->	0.228917	3	1	23128924
627	Gene	BDNF	5-HT(1B) receptor		Disease	psychopathologies	psychopathologies	is associated with susceptibility to	<-	0.228787	1	1	12496953
627	Gene	BDNF	BDNF	4914	Gene	NTRK1	TrkA	decreases level of	->	0.228190	3	1	34928896
627	Gene	BDNF	Bdnf		Gene	Nr4a1-3	Nr4a1-3	positively regulates	->	0.228160	1	1	26970016
67540	Chemical	Diazobenzenesulfonic acid	DASA	627	Gene	BDNF	BDNF	increases level of	->	0.228080	1	1	28953776
627	Gene	BDNF	dopamine D2 receptor	10024	Disease	migraine with aura	migraine with aura	is associated with susceptibility to	<-	0.227799	1	1	9513185
627	Gene	BDNF	BDNF	1289	Disease	neurodegenerative disease	neurodegenerative diseases	is associated with susceptibility to	<-	0.227748	3	1	21247257
46194816	Chemical	N8CG9437DN	SSRI	348	Gene	APOE	Brain-Derived Neurotrophic Factor (BDNF) receptor	affects	->	0.227599	1	1	41703266
3091	Gene	HIF1A	proBDNF	1742	Gene	DLG4	PSD95	decreases level of	->	0.227216	3	2	28284898; 32378057
627	Gene	BDNF	Purkinje cell protein 4	527	Gene	ATP6V0C	ATP6V0C	is part of	->	0.227115	1	1	21616539
1641	Gene	DCX	DCX	627	Gene	BDNF	PSA-NCAM	positively regulates	->	0.227115	1	1	23260340
5054	Gene	SERPINE1	PAI-1	627	Gene	BDNF	BDNF	affects	->	0.226986	2	1	39244009
1229	Disease	paranoid schizophrenia	schizophrenic	627	Gene	BDNF	PSA-NCAM	alters level of	->	0.226871	1	1	23022470
627	Gene	BDNF	dopamine D2 receptor	2033	Gene	EP300	P300	is part of	->	0.226628	1	1	12422061
5354004	Chemical	2,3',4,5'-Tetramethoxystilbene	TMS	627	Gene	BDNF	5-HT(1A)	affects	->	0.226628	1	1	21449006
4101	Chemical	Hexamethylenetetramine	Neurotropin	627	Gene	BDNF	BDNF	decreases level of	->	0.226628	1	1	31188139
627	Gene	BDNF	neuropeptide Y	3324	Disease	mood disorder	mood disorder	contributes to	<-	0.226402	1	1	11377922
407006	Gene	MIR221	miR-221	627	Gene	BDNF	BDNF	negatively regulates	->	0.226358	2	1	30589396
627	Gene	BDNF	5-hydroxytryptamine 1A	3350	Gene	HTR1A	5-HT1A	decreases level of	->	0.226154	1	1	23374637
450349	Chemical	Acetic acid C-11	11C	627	Gene	BDNF	glial fibrillary acidic protein	positively regulates	->	0.226154	1	1	28738332
2308	Gene	FOXO1	FOXO1	627	Gene	BDNF	BDNF	affects	->	0.226154	1	1	36039087
6647	Gene	SOD1	AMPAR	627	Gene	BDNF	BDNF	is part of	->	0.226154	1	1	38552437
627	Gene	BDNF	BDNF	4804	Gene	NGFR	p75NTR	decreases level of	->	0.226111	5	1	23537780
627	Gene	BDNF	BDNF		Disease	TABP	TABP	is associated with susceptibility to	<-	0.225747	1	1	21624682
	Gene	Pdcd4-eIF4A	Pdcd4-eIF4A	627	Gene	BDNF	BDNF	positively regulates	->	0.225747	1	1	32203159
6005	Chemical	Apomorphine	apomorphine	627	Gene	BDNF	alpha2-adrenergic	positively regulates	->	0.225695	1	1	12759559
627	Gene	BDNF	Corticotropin-releasing factor-binding protein	1392	Gene	CRH	CRF	affects	->	0.225695	1	1	17599466
	Gene	ERK-BDNF	ERK-BDNF	1470	Disease	major depressive disorder	depression	contributes to	<-	0.225492	1	1	37543308
2799722	Chemical	N-[2-[[(Hexahydro-2-oxo-1H-azepin-3-yl)amino]carbonyl]phenyl]benzo[b]thiophene-2-carboxamide	ANA-12	627	Gene	BDNF	BDNF	negatively regulates	->	0.225414	2	1	37225683
5940	Chemical	S-(2-Aminoethyl)isothiuronium bromide hydrobromide	AET	627	Gene	BDNF	BDNF	increases level of	->	0.225319	2	1	25073431
5460341	Chemical	Calcium	calcium	627	Gene	BDNF	BDNF	positively regulates	->	0.225232	1	1	30504797
627	Gene	BDNF	BDNF		Disease	anhedonic	anhedonic	is a therapeutic target in	<-	0.225163	1	1	38297157
627	Gene	BDNF	BDNF	3312	Disease	bipolar disorder	bipolar disorder	is a therapeutic target in	<-	0.225144	2	2	22094229; 27108110
627	Gene	BDNF	BDNF	713	Disease	HCL-V	HC	is associated with susceptibility to	<-	0.225120	2	1	27837670
7124	Gene	TNF	TNFα; norepinephrine transporter; TNF-α	627	Gene	BDNF	BDNF; neuropeptide Y	affects	->	0.224962	5	3	21898706; 25990886; 35029704
6530	Gene	SLC6A2	NET	627	Gene	BDNF	5-HT reuptake transporter	negatively regulates	->	0.224767	1	1	34958348
7472	Gene	WNT2	Wnt2	627	Gene	BDNF	BDNF	decreases level of	->	0.224609	2	1	30589396
10624	Chemical	Psilocybin	psilocybin	627	Gene	BDNF	5-HT2AR	positively regulates	->	0.224595	2	1	38212441
627	Gene	BDNF	BDNF		Disease	guilty	guilty	is associated with susceptibility to	<-	0.224587	1	1	29516593
627	Gene	BDNF	BDNF	3356	Gene	HTR2A	5-HT2A	decreases level of	->	0.224421	3	1	28544903
6918314	Chemical	Vilazodone	Vilazodone	627	Gene	BDNF	5-HT1A receptors	interacts with	<->	0.224317	1	1	30194544
187	Chemical	Acetylcholine	ACh	627	Gene	BDNF	BDNF	decreases level of	->	0.224317	1	1	40318448
4803	Gene	NGF	NGF	627	Gene	BDNF	BDNF; neurotrophin 3; neurotrophin-3	positively regulates	->	0.224167	4	2	19921971; 24128677
5054	Gene	SERPINE1	PAI-1	3091	Gene	HIF1A	proBDNF	affects	->	0.224016	2	1	39244009
627	Gene	BDNF	BDNF	4204	Gene	MECP2	MeCP2	decreases level of	->	0.223863	1	1	26239616
627	Gene	BDNF	BDNF; CA2/3		Disease	suicide	suicide	is a biomarker of	<-	0.223826	2	2	26742791; 34078872
3084	Gene	NRG1	NRG1β1	627	Gene	BDNF	BDNF	increases level of	->	0.223425	1	1	32731218
627	Gene	BDNF	BDNF	0859292	Disease	developmental delay, behavioral abnormalities, and neuropsychiatric disorders	neuropsychiatric disorders	is a biomarker of	<-	0.223357	1	1	21133708
0080329	Disease	cold-induced sweating syndrome 1	cold	627	Gene	BDNF	BDNF	alters level of	->	0.223357	1	1	31188139
627	Gene	BDNF	BDNF	5054	Gene	SERPINE1	PAI-1	increases level of	->	0.222984	1	1	39244009
27185	Gene	DISC1	DISC1	627	Gene	BDNF	disrupted-in-schizophrenia 1	interacts with	<->	0.222540	1	1	18785206
4915	Gene	NTRK2	NTRK2	627	Gene	BDNF	BDNF	affects	->	0.222540	1	1	22609366
5280953	Chemical	Harmine	harmine	627	Gene	BDNF	glial fibrillary acidic protein	positively regulates	->	0.222540	1	1	28738332
627	Gene	BDNF	5-HT(1A) receptors	30788	Disease	TLE6	TLE	contributes to	<-	0.222403	1	1	17588547
627	Gene	BDNF	SERT-nNOS		Disease	depression-like	depression-like	contributes to	<-	0.222353	1	1	36302033
3028194	Chemical	Lithium	lithium	627	Gene	BDNF	5-HT(1B) receptor-dependent	negatively regulates	->	0.221770	2	1	12374629
627	Gene	BDNF	5-hydroxytryptamine receptor 1A	3350	Gene	HTR1A	5-HT1A	increases level of	->	0.221680	1	1	26228417
4915	Gene	NTRK2	TrkB	627	Gene	BDNF	BDNF	increases level of	->	0.221541	2	1	16002234
2668	Gene	GDNF	GDNF	627	Gene	BDNF	BDNF; neurotrophin-3	affects	->	0.221508	3	2	32027188; 38069144
627	Gene	BDNF	BDNF; glial fibrillary acidic protein	348	Gene	APOE	glutamine synthetase; synaptophysin	decreases level of	->	0.221437	2	2	30635928; 33181270
1880	Chemical	7,8-Dihydroxyflavone	7,8-DHF	627	Gene	BDNF	BDNF	positively regulates	->	0.220996	2	1	37225683
0002025	Disease	psychiatric disorder	psychiatric	627	Gene	BDNF	Neuropeptide Y Y(1) and Y(2) receptor	alters level of	->	0.220991	1	1	11377922
3066	Gene	HDAC2	HDAC2	627	Gene	BDNF	BDNF	negatively regulates	->	0.220959	2	2	37429454; 41786805
627	Gene	BDNF	BDNF	3439	Gene	IFNA1	IFN-α	decreases level of	->	0.220829	1	1	20667172
23411	Gene	SIRT1	SIRT1	627	Gene	BDNF	BDNF	affects	->	0.220829	1	1	36039087
5355	Chemical	Sulpiride	sulpiride	627	Gene	BDNF	dopamine D2 receptor	negatively regulates	->	0.220829	1	1	35079131
1385	Gene	CREB1	CREB	627	Gene	BDNF	BDNF	positively regulates	->	0.220829	1	1	41242308
627	Gene	BDNF	5-HT1A receptor	54862	Gene	CC2D1A	CC2D1A; Freud-1	affects	->	0.220432	2	1	19423080
1813	Gene	DRD2	DRD2	627	Gene	BDNF	BDNF	affects	->	0.220427	1	1	22356822
5443	Gene	POMC	ACTH	627	Gene	BDNF	BDNF	positively regulates	->	0.220427	1	1	27506204
627	Gene	BDNF	BDNF	1876	Disease	sexual dysfunction	sexual dysfunction	is associated with susceptibility to	<-	0.220388	1	1	31792367
627	Gene	BDNF	5-HT transporter; dopamine D2 receptor	1956	Gene	EGFR	dopamine receptor D1; NE transporter	negatively regulates	->	0.220317	2	2	26256429; 35079131
5881	Chemical	Dehydroepiandrosterone	DHEA	627	Gene	BDNF	BDNF	decreases level of	->	0.220005	1	1	37980294
127151	Chemical	Reboxetine	reboxetine	627	Gene	BDNF	5-HT(1A); 5-HT1A receptor	negatively regulates	->	0.219738	2	2	20081253; 25942044
627	Gene	BDNF	BDNF	0012520	Disease	insulin-resistance syndrome type A	insulin resistance; insulin-resistance	is associated with susceptibility to	<-	0.219659	3	1	30526722
627	Gene	BDNF	BDNF	0008695	Disease	VPS13A-related neurodegenerative disease	psychiatric and neurological disorders	is associated with susceptibility to	<-	0.219636	1	1	23253771
104926	Chemical	Cyfluthrin	SSRI-responder	627	Gene	BDNF	5-HT(2A) receptor	interacts with	<->	0.219598	1	1	12632246
5020	Gene	OXT	Synaptotagmin-4	627	Gene	BDNF	BDNF	positively regulates	->	0.219598	1	1	38297157
	Gene	probrain derived neurotrophic factor	probrain derived neurotrophic factor	627	Gene	BDNF	BDNF	positively regulates	->	0.219514	2	1	28236848
627	Gene	BDNF	BDNF	8811	Gene	GALR2	GALR2	positively regulates	->	0.219189	1	1	38622072
3821	Chemical	Ketamine	ketamine	627	Gene	BDNF	BDNF; 5-HT1A receptor	positively regulates	->	0.218897	3	3	31202810; 32396921; 34655652
627	Gene	BDNF	BDNF	0000124	Disease	seizure	seizure	is a biomarker of	<-	0.218853	2	1	25231834
71587971	Chemical	Fluoro-PEG6-IPQA F-18	18)F	627	Gene	BDNF	5-HT(1A) receptor	affects	->	0.218797	1	1	17588547
43815	Chemical	Paroxetine	paroxetine; Paroxetine	627	Gene	BDNF	5-HT reuptake inhibitor; 5-HT(2A) receptor	interacts with	<->	0.218544	2	2	12632246; 34958348
	Chemical	D3-preferring D3/D2 and serotonin	D3-preferring D3/D2 and serotonin	627	Gene	BDNF	5-HT1A receptor	positively regulates	->	0.218184	1	1	37585254
	Disease	CPP	CPP	627	Gene	BDNF	TH-positive	alters level of	->	0.218184	1	1	38195391
627	Gene	BDNF	BDNF	1973	Gene	EIF4A1	eIF4A-dependent	negatively regulates	->	0.218101	2	1	32203159
171394875	Chemical	N-Methyl Serotonin-d3 Oxalate Salt	serotonin-dopamine	627	Gene	BDNF	dopamine D2 receptors	positively regulates	->	0.218006	1	1	27781135
627	Gene	BDNF	BDNF	6774	Gene	STAT3	STAT3; Ten‑eleven translocation (TET)1‑3	affects	->	0.217951	2	2	33173990; 35123326
5327	Gene	PLAT	tPA	627	Gene	BDNF	BDNF; mBDNF	positively regulates	->	0.217871	3	2	28236848; 28375203
	Disease	FM	FM	627	Gene	BDNF	BDNF	alters level of	->	0.217702	1	1	16600301
10014	Gene	HDAC5	HDAC5	627	Gene	BDNF	cyclic AMP response element-binding protein 1	interacts with	<->	0.217607	1	1	17258370
627	Gene	BDNF	BDNF	928	Gene	CD9	CD9	affects	->	0.217607	1	1	41535870
627	Gene	BDNF	5-hydroxytryptamine receptor 1A; 5-hydroxytryptamine receptor 2A	6532	Gene	SLC6A4	SLC6A4	is part of	->	0.217363	2	1	19560507
627	Gene	BDNF	BDNF		Gene	Y1R-GALR2	Y1R-GALR2	interacts with	<->	0.217309	2	1	36848750
	Gene	BDNF-immunoreactive	BDNF-immunoreactive		Gene	CART-immunoreactivity	CART-immunoreactivity	decreases level of	->	0.217181	1	1	19755135
16132311	Chemical	Beta-endorphin (1-31)	beta-END	627	Gene	BDNF	5-HT1A receptor	positively regulates	->	0.216841	1	1	18725263
6285	Gene	S100B	S100B	627	Gene	BDNF	BDNF	decreases level of	->	0.216841	1	1	24529042
54841	Chemical	Atomoxetine	Atomoxetine	627	Gene	BDNF	5-HT reuptake transporter	interacts with	<->	0.216841	1	1	34958348
627	Gene	BDNF	BDNF	10015	Gene	PDCD6IP	Alix	affects	->	0.216841	1	1	39246428
627	Gene	BDNF	BDNF	0110042	Disease	Alzheimer's disease 3	AD; Alzheimer's disease	is associated with susceptibility to	<-	0.216758	2	2	16890384; 29703883
627	Gene	BDNF	EAT-26		Disease	Hypomania	Hypomania	is a biomarker of	<-	0.216729	1	1	41022654
64077	Gene	LHPP	LHPP		Gene	ERK-BDNF	ERK-BDNF	increases level of	->	0.216450	2	1	37678540
5757	Chemical	Estradiol	estradiol; E2	627	Gene	BDNF	adrenocorticotropic hormone; Adrenocorticotropic Hormone	positively regulates	->	0.216270	3	2	24080256; 31125758
627	Gene	BDNF	BDNF; 5-hydroxytryptamine receptor 2A	3356	Gene	HTR2A	HTR2A; 5-HT2A	positively regulates	->	0.216270	3	2	28544903; 31721892
627	Gene	BDNF	BDNF	0700347	Disease	SDHC-related Mitochondrial Disease	SD	is associated with susceptibility to	<-	0.216196	1	1	31792367
3151	Chemical	Domperidone	domperidone	627	Gene	BDNF	dopamine D2 receptor	negatively regulates	->	0.216087	1	1	16309808
627	Gene	BDNF	BDNF	1742	Gene	DLG4	PSD95	increases level of	->	0.216087	1	1	34601865
4804	Gene	NGFR	p75NTR	627	Gene	BDNF	BDNF; mBDNF	affects	->	0.216079	4	1	23537780
627	Gene	BDNF	BDNF	1742	Gene	DLG4	PSD95	affects	->	0.215735	3	2	28284898; 37678540
5743	Gene	PTGS2	Corticotropin Releasing Hormone Receptor 1	627	Gene	BDNF	BDNF; FK506 Binding Protein 5	interacts with	<->	0.215585	2	1	28246044
361	Gene	AQP4	AQP4	627	Gene	BDNF	glial fibrillary acidic protein	interacts with	<->	0.215344	1	1	23146357
3689	Gene	ITGB2	cluster of differentiation molecule 11b	627	Gene	BDNF	glial fibrillary acidic protein	increases level of	->	0.215344	1	1	30877025
	Gene	NPTN-IT1-201	NPTN-IT1-201	627	Gene	BDNF	BDNF	affects	->	0.215259	2	1	39145838
10048892	Chemical	Fcway	FCWAY	627	Gene	BDNF	5-HT(1A) receptor	affects	->	0.214970	1	1	17588547
3091	Gene	HIF1A	BDNF-TrkB	5594	Gene	MAPK1	ERK	is part of	->	0.214970	1	1	37047730
27250	Gene	PDCD4	Pdcd4	627	Gene	BDNF	BDNF	negatively regulates	->	0.214899	2	1	32203159
3028194	Chemical	Lithium	lithium	627	Gene	BDNF	BDNF	positively regulates	->	0.214614	1	1	27882645
6272	Gene	SORT1	NT-3	627	Gene	BDNF	neurotrophin-4	increases level of	->	0.214614	1	1	34628790
3066	Gene	HDAC2	HDAC2	627	Gene	BDNF	BDNF	increases level of	->	0.214614	1	1	37429454
135401907	Chemical	Allopurinol	ALLO	627	Gene	BDNF	BDNF	increases level of	->	0.214614	1	1	38918365
3312	Disease	bipolar disorder	bipolar disorder; BD	3091	Gene	HIF1A	proBDNF; kappa opioid receptor	alters level of	->	0.214419	3	2	11576758; 28509900
3845	Chemical	Kynurenic Acid	KynA; Kynurenic acid	627	Gene	BDNF	NMDARs	negatively regulates	->	0.214317	2	1	39909168
135405876	Chemical	Folate	folate	627	Gene	BDNF	BDNF	increases level of	->	0.214255	1	1	31712971
627	Gene	BDNF	disrupted-in-schizophrenia 1; FK506 binding protein 5		Gene	BDFN	BDFN	interacts with	<->	0.213998	2	1	30548775
3091	Gene	HIF1A	proBDNF	23105	Gene	FSTL4	FSTL4	decreases level of	->	0.213895	1	1	32378057
	Chemical	WAY-100,478	WAY-100,478	627	Gene	BDNF	5-HT(1A) receptors	negatively regulates	->	0.213489	1	1	17700035
1950	Gene	EGF	EGF	627	Gene	BDNF	neurotrophin-3; neurotrophin-4	increases level of	->	0.213395	2	1	34628790
627	Gene	BDNF	5-hydroxytryptamine receptor 1A; 5-hydroxytryptamine receptor 2A	6622	Gene	SNCA	serotonin neurotransmitter transporter	is part of	->	0.213379	2	1	19560507
627	Gene	BDNF	BDNF	13918	Disease	somatization disorder	somatic symptoms	is associated with susceptibility to	<-	0.213340	1	1	29516593
115368	Chemical	Perospirone	perospirone	627	Gene	BDNF	5-HT1A receptor	negatively regulates	->	0.213190	1	1	19166896
6918248	Chemical	Flibanserin	Flibanserin	627	Gene	BDNF	5-HT(1A)	negatively regulates	->	0.213190	1	1	21324094
5018	Chemical	7-Chloro-3-methyl-1-phenyl-1,2,4,5-tetrahydro-3-benzazepin-8-ol	SCH23390	627	Gene	BDNF	dopamine D2 receptor	negatively regulates	->	0.213190	1	1	35079131
	Gene	BDNF133	BDNF133	1470	Disease	major depressive disorder	MDD	is associated with susceptibility to	<-	0.212839	1	1	34418778
627	Gene	BDNF	BDNF; tPA-BDNF	4804	Gene	NGFR	p75NTR	is part of	->	0.212623	2	1	28375203
627	Gene	BDNF	BDNF		Disease	psychic anxiety	psychic anxiety	is associated with susceptibility to	<-	0.212619	1	1	29516593
12594	Chemical	Dehydroepiandrosterone Sulfate	DHEA-S	627	Gene	BDNF	BDNF	decreases level of	->	0.212478	1	1	37980294
627	Gene	BDNF	5-HT(1a) receptor	920	Gene	CD4	CD4	decreases level of	->	0.212396	2	1	19900711
627	Gene	BDNF	5-hydroxytryptamine receptor 1A; 5-hydroxytryptamine receptor 2A		Gene	guanine nucleotide binding protein beta polypeptide 3	guanine nucleotide binding protein beta polypeptide 3	interacts with	<->	0.212302	2	1	19560507
5327	Gene	PLAT	tPA	627	Gene	BDNF	BDNF	affects	->	0.212233	2	1	39244009
104752	Chemical	Tritium oxide	3H	627	Gene	BDNF	5-HT1A receptor	interacts with	<->	0.212150	1	1	15469667
627	Gene	BDNF	BDNF	12217	Disease	Lewy body dementia	demented	is associated with susceptibility to	<-	0.211996	1	1	16797081
5753	Chemical	Corticosterone	corticosterone	627	Gene	BDNF	BDNF	increases level of	->	0.211800	1	1	23653679
68617	Chemical	Sertraline	sertraline	627	Gene	BDNF	BDNF	increases level of	->	0.211800	1	1	38640201
119	Chemical	Gamma-Aminobutyric Acid	GABA	627	Gene	BDNF	BDNF; Bdnf	affects	->	0.211704	6	1	23128924
627	Gene	BDNF	5-HT1A Receptor; 5-HT1A receptor		Disease	Suicidal Behavior	Suicidal Behavior; suicidal behavior	is a therapeutic target in	<-	0.211588	2	1	34555145
449688	Chemical	Choline C-11	[(11)C]	627	Gene	BDNF	5-HT(1A)	interacts with	<->	0.211468	1	1	19458612
4254	Gene	KITLG	SCF	627	Gene	BDNF	BDNF	interacts with	<->	0.211468	1	1	27108110
5202	Chemical	Serotonin	5-HT	84437	Chemical	Methyl N-((4-methylphenyl)sulfonyl)carbamate	BDNF	interacts with	<->	0.211468	1	1	32534176
2784	Gene	GNB3	GNB3	627	Gene	BDNF	5-hydroxytryptamine receptor 1A; 5-hydroxytryptamine receptor 2A	interacts with	<->	0.211201	2	1	19560507
6281	Gene	S100A10	p11	627	Gene	BDNF	BDNF	is part of	->	0.211185	2	1	16890384
1060165	Disease	ELANE-related neutropenia	ELA	627	Gene	BDNF	BDNF	alters level of	->	0.211154	1	1	37243534
627	Gene	BDNF	TH-positive	2353	Gene	FOS	c-Fos	decreases level of	->	0.211136	1	1	38195391
441350	Chemical	Metyrosine	α-methyl-p-tyrosine	627	Gene	BDNF	5-HT1A serotonergic receptors; α2-adrenergic	negatively regulates	->	0.211102	2	1	29676236
182137	Chemical	Esketamine	ESK; S-ketamine	1956	Gene	EGFR	gonadotropin-releasing hormone; mTOR-BDNF	interacts with	<->	0.210983	2	2	35597333; 39118379
2668	Gene	GDNF	GDNF	627	Gene	BDNF	neurotrophin-3; neurotrophin-4	is part of	->	0.210955	4	1	18313696
4946	Chemical	Propranolol	propranolol	627	Gene	BDNF	5-HT1A serotonergic receptors; α2-adrenergic	negatively regulates	->	0.210920	2	1	29676236
627	Gene	BDNF	5-hydroxytryptamine receptor 2A; BDNF	1203	Disease	drug-induced mental disorder	mental disorders	is associated with susceptibility to	<-	0.210803	2	2	24683520; 41057833
2475	Gene	MTOR	mTOR	627	Gene	BDNF	BDNF	positively regulates	->	0.210801	1	1	31202810
627	Gene	BDNF	BDNF; Doublecortin	5594	Gene	MAPK1	ERK; polysialilated neural cell adhesion molecule	increases level of	->	0.210614	2	2	23260340; 32396921
627	Gene	BDNF	BDNF; glial-derived neurotrophic factor; neurotrophin-3	4908	Gene	NTF3	NTF3	affects	->	0.210578	5	1	32027188
627	Gene	BDNF	BDNF		Disease	BPAD	BPAD	is associated with susceptibility to	<-	0.210496	1	1	16005437
627	Gene	BDNF	dopamine D2 receptor	1813	Gene	DRD2	DRD2	is part of	->	0.210465	1	1	12422061
271	Chemical	Calcium Cation	Ca2+	627	Gene	BDNF	Bdnf	negatively regulates	->	0.210438	2	1	30504797
1220	Chemical	8-OH-Dpat	8-OH-DPAT	627	Gene	BDNF	5-HT1A receptor	interacts with	<->	0.210128	1	1	15469667
3091	Gene	HIF1A	proBDNF	12105	Disease	inflammatory spondylopathy	inflammatory	is associated with susceptibility to	<-	0.210062	1	1	38161282
627	Gene	BDNF	BDNF	0060486	Disease	Perry syndrome	depressive syndrome	is a biomarker of	<-	0.209840	2	1	22761741
627	Gene	BDNF	5-HT(1a) receptor	3559	Gene	IL2RA	CD25	decreases level of	->	0.209818	2	1	19900711
10325028	Chemical	R-93274	5-I-R91150	627	Gene	BDNF	5-HT(2a) receptor	interacts with	<->	0.209810	1	1	12706516
627	Gene	BDNF	BDNF		Disease	suicidality.Conclusions	suicidality.Conclusions	is associated with susceptibility to	<-	0.209673	1	1	32027188
627	Gene	BDNF	PSA-NCAM	2571	Gene	GAD1	GAD67; glutamic acid-decarboxylase-67	decreases level of	->	0.209548	2	1	23022470
627	Gene	BDNF	BDNF	5054	Gene	SERPINE1	PAI-1	decreases level of	->	0.209490	1	1	39244009
497258	Gene	BDNF-AS	BDNFOS	1470	Disease	major depressive disorder	major depression	is associated with susceptibility to	<-	0.209427	1	1	31295515
	Disease	GI dysfunction	GI dysfunction	3091	Gene	HIF1A	proBDNF	alters level of	->	0.209266	1	1	32588356
7472	Gene	WNT2	Wnt2	627	Gene	BDNF	BDNF	negatively regulates	->	0.209260	2	1	30589396
627	Gene	BDNF	BDNF	9048	Gene	ARTN	ARTN	increases level of	->	0.209170	1	1	24994477
2882138	Chemical	Antidepressant agent 1	antidepressant; antidepressant drugs	627	Gene	BDNF	5-HT1A receptor	interacts with	<->	0.209040	2	2	18725263; 30693567
778	Disease	delusional disorder	psychiatric disorders	3091	Gene	HIF1A	proBDNF; TFs	alters level of	->	0.208994	2	2	21421043; 28509900
	Disease	Diagnostic and Statistical Manual of Mental Disorders	Diagnostic and Statistical Manual of Mental Disorders	627	Gene	BDNF	BDNF; trkB-TK	alters level of	->	0.208945	2	1	24802307
46782643	Chemical	1-Ketomirtazapine	mirtazapine-treated	627	Gene	BDNF	BDNF	increases level of	->	0.208903	2	1	22961097
627	Gene	BDNF	BDNF		Disease	FM	FM	is associated with susceptibility to	<-	0.208857	1	1	16600301
3091	Gene	HIF1A	BDNF-TrkB	4915	Gene	NTRK2	TrkB	is part of	->	0.208847	1	1	37225683
627	Gene	BDNF	BDNF		Disease	non-melancholic depression	non-melancholic depression	is associated with susceptibility to	<-	0.208837	2	1	22247094
major_stressful_life_event	DeprTerms	major stressful life event	Major stressful life event	1956	Gene	EGFR	BDNF-GSK3B	is associated with	<->	0.208719	1	1	20682308
627	Gene	BDNF	BDNF		Disease	suicidality	suicidality	contributes to	<-	0.208674	2	1	18329817
627	Gene	BDNF	BDNF	12261	Disease	TRDN	TRD	contributes to	<-	0.208659	1	1	37047730
627	Gene	BDNF	5-HT(2A) receptor	5243	Gene	ABCB1	5-HT(2C) receptors	affects	->	0.208545	1	1	19111907
145867030	Chemical	Tlqp 21;tlqppassrr rhfhhalppa R	TLQP-62	627	Gene	BDNF	BDNF	positively regulates	->	0.208545	1	1	30504797
	Disease	malnourished	malnourished	627	Gene	BDNF	BDNF	alters level of	->	0.208462	1	1	15997610
10930	Disease	borderline personality disorder	BPD	627	Gene	BDNF	BDNF	alters level of	->	0.208207	1	1	19376528
631	Disease	fibromyalgia	fibromyalgia	627	Gene	BDNF	BDNF	alters level of	->	0.208207	1	1	31188139
627	Gene	BDNF	5-HT reuptake inhibitor	6530	Gene	SLC6A2	NET	negatively regulates	->	0.207915	1	1	34958348
	Chemical	[(18)F]altanserin	[(18)F]altanserin	627	Gene	BDNF	5-HT(2A) receptor; 5-HT(2A) receptors	interacts with	<->	0.207910	3	1	14744461
627	Gene	BDNF	5-HT1A receptors		Gene	beta-END	beta-END	increases level of	->	0.207684	1	1	18725263
11133125	Chemical	Iolopride I-123	[123I]IBZM	627	Gene	BDNF	Dopamine D2 receptor	interacts with	<->	0.207609	1	1	10482381
627	Gene	BDNF	BDNF	6774	Gene	STAT3	Insulin-like Growth Factor-Binding Protein 2	interacts with	<->	0.207609	1	1	27108110
439199	Chemical	Fibrins	fibrin	3091	Gene	HIF1A	proBDNF	decreases level of	->	0.207609	1	1	28236848
2475	Gene	MTOR	mTOR	627	Gene	BDNF	BDNF	is part of	->	0.207609	1	1	34655652
5327	Gene	PLAT	tPA	627	Gene	BDNF	BDNF	decreases level of	->	0.207594	2	1	28375203
627	Gene	BDNF	BDNF		Disease	executive dysfunctions	executive dysfunctions	contributes to	<-	0.207316	2	1	29334322
3091	Gene	HIF1A	aquaporin-4	627	Gene	BDNF	glial fibrillary acidic protein	interacts with	<->	0.207301	1	1	23146357
3091	Gene	HIF1A	BDNF-TrkB	2475	Gene	MTOR	mTOR	is part of	->	0.206992	1	1	37047730
165883411	Chemical	3-(2,3,3,3-Tetrafluoropropyl)azetidin-3-ol	[(3)H]-8-OH-DPAT	627	Gene	BDNF	5-HT1A receptor	interacts with	<->	0.206704	1	1	22591911
627	Gene	BDNF	5-HT1A receptor	10930	Disease	borderline personality disorder	BPD	is associated with susceptibility to	<-	0.206416	1	1	12171388
627	Gene	BDNF	BDNF	4804	Gene	NGFR	p75NTR	affects	->	0.206384	2	1	28375203
3091	Gene	HIF1A	BDNF-TrkB		Disease	SCZ	SCZ	contributes to	<-	0.206212	2	1	31711978
627	Gene	BDNF	BDNF		Disease	memory dysfunctions	memory dysfunctions	is associated with susceptibility to	<-	0.206172	1	1	30929060
10964	Chemical	Malonaldehyde	malondialdehyde	627	Gene	BDNF	BDNF	decreases level of	->	0.206101	1	1	34995725
627	Gene	BDNF	BDNF	5327	Gene	PLAT	tPA	decreases level of	->	0.206101	1	1	39244009
4233	Gene	MET	Met	627	Gene	BDNF	BDNF	interacts with	<->	0.205716	4	1	20703451
627	Gene	BDNF	BDNF	0060359	Disease	Sakati-Nyhan syndrome	SA	is associated with susceptibility to	<-	0.205661	1	1	20124106
3091	Gene	HIF1A	proBDNF	5327	Gene	PLAT	tPA	is part of	->	0.205566	2	1	16890384
12594	Chemical	Dehydroepiandrosterone Sulfate	dehydroepiandrosterone sulfate; DHEAs	627	Gene	BDNF	adrenocorticotropic hormone	increases level of	->	0.205530	2	1	40445583
3091	Gene	HIF1A	proBDNF	3309	Gene	HSPA5	Grp78	affects	->	0.205516	1	1	32378057
627	Gene	BDNF	BDNF		Disease	subclinical depression	subclinical depression	is a biomarker of	<-	0.205421	1	1	21944169
627	Gene	BDNF	BDNF		Disease	DWMLs	DWMLs	contributes to	<-	0.205421	1	1	23350796
627	Gene	BDNF	BDNF	12858	Disease	Huntington's disease	psychiatric diseases	contributes to	<-	0.205382	2	1	31711978
627	Gene	BDNF	BDNF	778	Disease	delusional disorder	psychiatric disorder	is a biomarker of	<-	0.205281	1	1	27959329
4306	Gene	NR3C2	MR; NR3C2	627	Gene	BDNF	FK506 binding protein 5	interacts with	<->	0.205261	2	1	27549215
4915	Gene	NTRK2	Trk-B	627	Gene	BDNF	BDNF	negatively regulates	->	0.205225	2	1	14962629
3569	Gene	IL6	tissue-type plasminogen activator	3091	Gene	HIF1A	proBDNF	is part of	->	0.205221	1	1	16890384
6860	Gene	SYT4	SYT4	627	Gene	BDNF	BDNF	decreases level of	->	0.205221	1	1	38297157
627	Gene	BDNF	BDNF		Disease	SCZ	SCZ	is associated with susceptibility to	<-	0.205186	5	1	31711978
perceived_stress	DeprTerms	perceived stress	Perceived stress	627	Gene	BDNF	BDNF	is associated with	<->	0.205129	1	1	30640051
627	Gene	BDNF	BDNF	0009393	Disease	ornithine translocase deficiency	neurocognitive deficits	is a biomarker of	<-	0.205020	1	1	22498307
3091	Gene	HIF1A	proBDNF	7157	Gene	TP53	inflammatory cytokines	affects	->	0.204926	1	1	38161282
6530	Gene	SLC6A2	NET	627	Gene	BDNF	5-HT(1A) receptor	increases level of	->	0.204781	4	1	19105200
627	Gene	BDNF	5-HT(1A)R; BDNF	0700224	Disease	PDE6A-related retinopathy	PD	contributes to	<-	0.204741	2	2	14736842; 36567366
146896209	Gene	TPL1	hFreud-2	627	Gene	BDNF	5-HT1A receptor	negatively regulates	->	0.204652	1	1	19423080
627	Gene	BDNF	BDNF; mBDNF	7422	Gene	VEGFA	VEGF	increases level of	->	0.204612	2	2	21301813; 40365616
	Disease	CRS	CRS	1956	Gene	EGFR	BDNF-TrkB-mTORC1	alters level of	->	0.204559	2	1	37799103
	Disease	OCD	OCD	1956	Gene	EGFR	BDNF-targeting	alters level of	->	0.204400	2	1	40749756
54862	Gene	CC2D1A	Freud-1	627	Gene	BDNF	5-HT(1A) receptors	interacts with	<->	0.204353	1	1	20392296
3356	Gene	HTR2A	5-HT2A	627	Gene	BDNF	BDNF	decreases level of	->	0.204338	2	1	28544903
627	Gene	BDNF	BDNF	12858	Disease	Huntington's disease	psychiatric diseases	is a therapeutic target in	<-	0.204175	1	1	21133708
627	Gene	BDNF	BDNF		Disease	FSD	FSD	is associated with susceptibility to	<-	0.203986	1	1	27787964
627	Gene	BDNF	Bdnf		Gene	Nr4a1-3	Nr4a1-3	increases level of	->	0.203986	1	1	26970016
3091	Gene	HIF1A	BDNF-TrkB		Disease	memory deficits	memory deficits	is a therapeutic target in	<-	0.203986	1	1	37225683
	Chemical	DA	DA	627	Gene	BDNF	BDNF	decreases level of	->	0.203986	1	1	40318448
6076	Chemical	Camp	cAMP	627	Gene	BDNF	5-HT(1B) receptor	positively regulates	->	0.203799	1	1	12374629
126961754	Chemical	Opioids	opioid	627	Gene	BDNF	5-HT1A receptor	interacts with	<->	0.203799	1	1	18725263
3569	Gene	IL6	tissue-type plasminogen activator	627	Gene	BDNF	BDNF	is part of	->	0.203734	2	1	16890384
627	Gene	BDNF	BDNF; neuropeptide Y	4852	Gene	NPY	NPY	affects	->	0.203675	3	1	21898706
279	Gene	AMY2A	PA	627	Gene	BDNF	BDNF	positively regulates	->	0.203520	1	1	31734788
54862	Gene	CC2D1A	CC2D1A; Freud-1	627	Gene	BDNF	5-HT1A receptor	decreases level of	->	0.203346	2	1	20392296
627	Gene	BDNF	BDNF		Disease	harm avoidance	harm avoidance	is associated with susceptibility to	<-	0.203285	1	1	19923862
627	Gene	BDNF	BDNF		Disease	memory dysfunctions	memory dysfunctions	contributes to	<-	0.203285	1	1	30929060
681	Chemical	Dopamine	dopamine	627	Gene	BDNF	dopamine D2 receptor; Glx	interacts with	<->	0.203275	2	2	20067857; 35843368
3365	Chemical	Fluconazole	FLU	627	Gene	BDNF	BDNF	increases level of	->	0.203241	1	1	29933036
627	Gene	BDNF	BDNF	207	Gene	AKT1	Akt; AKT	decreases level of	->	0.202957	2	1	35871433
627	Gene	BDNF	BDNF		Disease	SCZ	SCZ	is a biomarker of	<-	0.202931	1	1	31711978
	Chemical	MH	MH	627	Gene	BDNF	BDNF	negatively regulates	->	0.202931	1	1	34601865
627	Gene	BDNF	BDNF	406921	Gene	MIR132	miR‑132	decreases level of	->	0.202789	2	1	26239616
207	Gene	AKT1	corticotropin-releasing factor receptor	627	Gene	BDNF	adrenocorticotropic hormone	decreases level of	->	0.202701	1	1	11849372
104752	Chemical	Tritium oxide	3H	627	Gene	BDNF	serotonin-1A receptors	negatively regulates	->	0.202701	1	1	19215942
4846	Gene	NOS3	5-HT2A receptor	627	Gene	BDNF	5-HT1A receptor	interacts with	<->	0.202701	1	1	31120232
627	Gene	BDNF	BDNF		Disease	suicidal attempts	suicidal attempts	is a biomarker of	<-	0.202595	1	1	23992681
3091	Gene	HIF1A	ProBDNF		Gene	p75ECD-Fc	p75ECD-Fc	positively regulates	->	0.202595	1	1	38161282
627	Gene	BDNF	BDNF	0700224	Disease	PDE6A-related retinopathy	PD	is associated with susceptibility to	<-	0.202532	2	1	21510922
627	Gene	BDNF	5-HT(1A) receptor	30788	Disease	TLE6	TLE	is associated with susceptibility to	<-	0.202432	3	1	17588547
10446567	Chemical	Dasb	DASB	627	Gene	BDNF	5-HT transporter	interacts with	<->	0.202418	1	1	19756523
11978813	Chemical	Brexpiprazole	Brexpiprazole	627	Gene	BDNF	dopamine D2 receptors	positively regulates	->	0.202418	1	1	27781135
627	Gene	BDNF	5-HT(1B) receptor		Disease	pathological aggression	pathological aggression	is associated with susceptibility to	<-	0.202257	1	1	12496953
4825	Chemical	Pimpinellin	3)H]	627	Gene	BDNF	5-HT2AR	interacts with	<->	0.202157	1	1	25150943
3586	Gene	IL10	IL-10	627	Gene	BDNF	BDNF	increases level of	->	0.202157	1	1	30205379
	Chemical	reuptake inhibitor	reuptake inhibitor	627	Gene	BDNF	serotonin 5-HT(1A) receptor	positively regulates	->	0.201917	1	1	23033234
1956	Gene	EGFR	BDNF-NTRK2-CREB	23405	Gene	DICER1	DICER1	is part of	->	0.201871	1	1	26921221
10044	Chemical	2,2,3-Trimethylbutane	Triptans	627	Gene	BDNF	5-HT(1A) receptors; 5-HT(1B/D) receptor	interacts with	<->	0.201813	2	1	23016662
351	Gene	APP	brain-derived neurotropic factor; brain‑derived neurotropic factor	627	Gene	BDNF	BDNF; serotonin receptor 1A (HT1A) and 2A (	affects	->	0.201705	3	2	32191745; 33173990
65009	Gene	NDRG4	BDNF-inducing	627	Gene	BDNF	BDNF	is part of	->	0.201608	1	1	24140302
6853	Gene	SYN1	SYN-1	627	Gene	BDNF	BDNF	affects	->	0.201608	1	1	41825795
627	Gene	BDNF	dopamine D2 receptor	0009256	Disease	galactorrhea	galactorrhea	is associated with susceptibility to	<-	0.201513	1	1	15726024
mir-16-5p	miRNA	mir-16-5p	mir-16-5p	1956	Gene	EGFR	BDNF-targeting	affects	->	0.201513	1	1	40749756
627	Gene	BDNF	DAT-binding	1812	Gene	DRD1	DAT-BPND	decreases level of	->	0.201344	1	1	32464340
7422	Gene	VEGFA	BDNF-induced	4915	Gene	NTRK2	TrkB	negatively regulates	->	0.201080	1	1	29507199
7076	Gene	TIMP1	Epo	627	Gene	BDNF	BDNF	affects	->	0.200994	2	1	33857523
450349	Chemical	Acetic acid C-11	11C	627	Gene	BDNF	5-HT1A receptor; dopamine D2 receptor	affects	->	0.200917	2	2	18251011; 29550938
1880	Chemical	7,8-Dihydroxyflavone	7,8-DHF	3091	Gene	HIF1A	BDNF-TrkB	positively regulates	->	0.200838	1	1	37225683
627	Gene	BDNF	BDNF	12261	Disease	TRDN	TRD	is a biomarker of	<-	0.200824	1	1	37759825
627	Gene	BDNF	5-HT(1A); 5-HT(1A) receptors		Disease	AN	AN	is associated with susceptibility to	<-	0.200670	2	1	16154547
childhood_trauma	DeprTerms	childhood trauma	Childhood trauma	627	Gene	BDNF	5-HT1A receptor	modulates expression of	->	0.200602	1	1	39187183
	Gene	tiRNA-Gly-GCC-001	tiRNA-Gly-GCC-001	627	Gene	BDNF	BDNF	negatively regulates	->	0.200579	1	1	38439581
627	Gene	BDNF	5-HT1A receptor	4846	Gene	NOS3	5-HT1B receptor	negatively regulates	->	0.200571	1	1	21767441
627	Gene	BDNF	glial cell line-derived neurotrophic factor	3324	Disease	mood disorder	mood disorders	is a therapeutic target in	<-	0.200494	1	1	33990070
627	Gene	BDNF	BDNF	3439	Gene	IFNA1	IFN-α	increases level of	->	0.200166	2	1	20667172
627	Gene	BDNF	BDNF-Val	4524	Gene	MTHFR	COMT-Met	affects	->	0.200058	1	1	26956059
132155398	Chemical	Zelquistinel	Zelquistinel	627	Gene	BDNF	NMDARs	positively regulates	->	0.200058	1	1	35882204
627	Gene	BDNF	BDNF		Disease	PSD	PSD	is associated with susceptibility to	<-	0.199938	1	1	25258340
5881	Chemical	Dehydroepiandrosterone	DHEA	627	Gene	BDNF	BDNF	increases level of	->	0.199788	1	1	28752602
23373	Gene	CRTC1	CRTC1	627	Gene	BDNF	BDNF	interacts with	<->	0.199788	1	1	36702294
406921	Gene	MIR132	miR‑132	627	Gene	BDNF	BDNF	increases level of	->	0.199757	2	1	26239616
16760703	Chemical	Sodium Valproate	valproates	627	Gene	BDNF	BDNF	increases level of	->	0.199542	1	1	38069144
11729514	Chemical	Xerophilusin G	Haemophilus	627	Gene	BDNF	glial fibrillary acidic protein	affects	->	0.199542	1	1	40718680
	Gene	5-HT3 and 5-HT7 receptor	5-HT3 and 5-HT7 receptor	627	Gene	BDNF	5-HT transporter; 5-HT1A receptor	negatively regulates	->	0.199155	2	1	21767441
3091	Gene	HIF1A	proBDNF	4804	Gene	NGFR	p75NTR	increases level of	->	0.199071	2	1	38161282
3630	Gene	INS	serotonin‑noradrenaline reuptake inhibitor	627	Gene	BDNF	BDNF	negatively regulates	->	0.199046	1	1	37078814
0051061	Disease	stroke	stroke	627	Gene	BDNF	glial cell line-derived neurotrophic factor	alters level of	->	0.199024	1	1	28819313
9966051	Chemical	Vortioxetine	Lu AA21004; vortioxetine	627	Gene	BDNF	(r) 5-HT(7) receptor; 5-HT1A receptor	positively regulates	->	0.198849	2	2	22171087; 30194544
627	Gene	BDNF	uVNTR	0000571	Disease	insomnia	insomnia	contributes to	<-	0.198767	1	1	15486489
1351	Species	Enterococcus faecalis	Enterococcus faecalis	627	Gene	BDNF	BDNF	affects	->	0.198520	1	1	35123326
627	Gene	BDNF	dopamine D2 receptor	4128	Gene	MAOA	MAOA	affects	->	0.198068	1	1	17476365
60795	Chemical	Aripiprazole	aripiprazole	627	Gene	BDNF	5-HT(2A) receptors	negatively regulates	->	0.198068	1	1	17455104
6622	Gene	SNCA	synapsin	627	Gene	BDNF	BDNF	affects	->	0.198068	1	1	41825795
57347	Chemical	Flesinoxan	flesinoxan	627	Gene	BDNF	5-HT1A receptor; adrenocorticotropic hormone	positively regulates	->	0.197596	2	1	16139805
10220516	Chemical	Iodine I-123	123I	627	Gene	BDNF	5-HT(2a) receptor	interacts with	<->	0.197587	1	1	12706516
627	Gene	BDNF	BDNF	6285	Gene	S100B	S100B	positively regulates	->	0.197587	1	1	24529042
3091	Gene	HIF1A	proBDNF	7040	Gene	TGFB1	Follistatin-like protein 4	increases level of	->	0.197587	1	1	32378057
3091	Gene	HIF1A	proBDNF	468	Gene	ATF4	ATF4	affects	->	0.197587	1	1	32378057
627	Gene	BDNF	CREB-BDNF	12105	Disease	inflammatory spondylopathy	inflammatory	contributes to	<-	0.197542	1	1	41242308
	Disease	suicidal ideation	suicidal ideation	627	Gene	BDNF	BDNF	alters level of	->	0.197493	2	1	30640051
627	Gene	BDNF	BDNF		Disease	geriatric depression	geriatric depression	is associated with susceptibility to	<-	0.197456	1	1	20346518
627	Gene	BDNF	BDNF		Disease	CKD5D	CKD5D	is a biomarker of	<-	0.197456	1	1	26175142
	Disease	depressive-like	depressive-like	3091	Gene	HIF1A	proBDNF	alters level of	->	0.197422	3	1	28284898
4804	Gene	NGFR	p75NTR	3091	Gene	HIF1A	proBDNF	increases level of	->	0.197332	1	1	38161282
3696	Chemical	Imipramine	imipramine	627	Gene	BDNF	5-HT(1A) receptors	negatively regulates	->	0.197102	1	1	17700035
5281544	Chemical	Oleuropein	oleuropein	627	Gene	BDNF	BDNF	increases level of	->	0.197102	1	1	34628790
	Gene	ERK-BDNF	ERK-BDNF	1470	Disease	major depressive disorder	MDD	is a therapeutic target in	<-	0.196910	1	1	37543308
627	Gene	BDNF	BDNF	303	Disease	substance-related disorder	substance disorders	is a biomarker of	<-	0.196677	1	1	34078872
627	Gene	BDNF	BDNF; glial cell line-derived neurotrophic factor	3569	Gene	IL6	S100 calcium-binding protein B	decreases level of	->	0.196642	2	1	38918365
627	Gene	BDNF	BDNF	1956	Gene	EGFR	zonulin	increases level of	->	0.196639	1	1	36615801
mir-29a-3p	miRNA	mir-29a-3p	mir-29a-3p	1956	Gene	EGFR	BDNF-targeting	affects	->	0.196593	2	1	40749756
3091	Gene	HIF1A	proBDNF	7494	Gene	XBP1	kalirin-7	decreases level of	->	0.196560	2	1	28284898
1813	Gene	DRD2	DRD2	627	Gene	BDNF	BDNF	decreases level of	->	0.196437	2	1	25148110
3479	Gene	IGF1	IGF-1		Gene	BDNFp.Val66Met	BDNFp.Val66Met	affects	->	0.196271	1	1	34536433
627	Gene	BDNF	BDNF	4886	Gene	NPY1R	NPY1R	positively regulates	->	0.196173	1	1	38622072
5604	Gene	MAP2K1	MEK1	627	Gene	BDNF	BDNF	affects	->	0.196008	3	1	24709918
627	Gene	BDNF	BDNF		Disease	pain hypersensitivity	pain hypersensitivity	contributes to	<-	0.195982	1	1	16600301
115000	Chemical	Y 25130	serotonergic	627	Gene	BDNF	5-HT receptor 1A	interacts with	<->	0.195938	1	1	30808545
627	Gene	BDNF	BDNF	7212	Disease	meningothelial meningioma	men	is associated with susceptibility to	<-	0.195918	2	1	23221974
17856495	Chemical	N-t-BOC-trans-4-Fluoro-L-Prolinonitrile	[18F]trans-4-fluoro-N-2-[4-(2-methoxyphenyl)piperazin-1-yl]ethyl]-N-(2-pyridyl)cyclohexanecarboxamide	627	Gene	BDNF	5-HT(1A)R	interacts with	<->	0.195860	2	1	14736842
10048892	Chemical	Fcway	FCWAY	627	Gene	BDNF	5-HT(1A)R	interacts with	<->	0.195778	2	1	14736842
627	Gene	BDNF	BDNF	1883	Disease	hepatitis C	hepatitis C	contributes to	<-	0.195768	1	1	20667172
627	Gene	BDNF	BDNF	12139	Disease	dysthymic disorder	dysthymia; dysthymic disorder	is associated with susceptibility to	<-	0.195721	2	2	20226536; 21312291
627	Gene	BDNF	Bdnf	3791	Gene	KDR	KDR	decreases level of	->	0.195703	1	1	35476290
7832	Gene	BTG2	miR-103-3p	627	Gene	BDNF	BDNF	positively regulates	->	0.195703	1	1	40553784
627	Gene	BDNF	BDNF		Disease	C	C	is a therapeutic target in	<-	0.195692	1	1	31611000
	Disease	CRS	CRS	627	Gene	BDNF	BDNF	alters level of	->	0.195692	1	1	32203159
627	Gene	BDNF	BDNF		Disease	treatment-resistant depression	treatment-resistant depression	is associated with susceptibility to	<-	0.195692	1	1	37047730
5979	Gene	RET	neurturin; persephin	627	Gene	BDNF	neurotrophin-3; neurotrophin-4	is part of	->	0.195586	4	1	18313696
	Disease	neuroinflammatory	neuroinflammatory	627	Gene	BDNF	BDNF	alters level of	->	0.195500	2	2	32044543; 40816402
71309429	Chemical	3-Hydroxy-4-methoxy(~2~H_3_)benzaldehyde	3)H	627	Gene	BDNF	5-HT(2A) receptor	interacts with	<->	0.195467	1	1	16140277
627	Gene	BDNF	BDNF	7494	Gene	XBP1	kalirin-7	decreases level of	->	0.195278	2	1	28284898
10996954	Chemical	Carbon-13C disulfide	one-carbon	627	Gene	BDNF	BDNF	increases level of	->	0.195257	1	1	31712971
3360	Gene	HTR4	5-HT4; h5-HT(7) receptor	627	Gene	BDNF	5-HT transporter; 5-HT1A,/1B	negatively regulates	->	0.194843	2	2	22171087; 23706576
10220516	Chemical	Iodine I-123	123I	627	Gene	BDNF	serotonin-(2a) (5-HT(2a)) receptors	affects	->	0.194807	1	1	12706516
627	Gene	BDNF	BDNF	815	Gene	CAMK2A	CaMKIIα	affects	->	0.194807	1	1	37678540
5997	Chemical	Cholesterol	cholesterol	627	Gene	BDNF	adrenocorticotropic hormone	increases level of	->	0.194807	1	1	40445583
1826	Chemical	5-Hydroxyindoleacetic Acid	5-HIAA	627	Gene	BDNF	5-HT1A receptors	decreases level of	->	0.194568	1	1	24657886
	Chemical	D3/	D3/	627	Gene	BDNF	5-HT1A receptor	positively regulates	->	0.194559	1	1	36789515
627	Gene	BDNF	BDNF	0013886	Disease	cerebellar dysfunction with variable cognitive and behavioral abnormalities	cognitive abnormalities	is associated with susceptibility to	<-	0.194502	1	1	27018938
3569	Gene	IL6	TrkB-Fc	627	Gene	BDNF	BDNF	negatively regulates	->	0.194354	1	1	37429454
89	Chemical	3-Hydroxykynurenine	3-hydroxykynurenine	627	Gene	BDNF	BDNF	affects	->	0.194354	1	1	40576678
122190591	Chemical	1-(3-iodophenyl)-4-(3-nitrophenyl)-1H-1,2,3-triazole	LPS-induced		Disease	BDNF impairment	BDNF impairment	has beneficial effect on	->	0.194283	1	1	35325888
627	Gene	BDNF	Glial Cell Line-Derived Neurotrophic Factor	2234	Disease	focal epilepsy	Focal Epilepsy	is a biomarker of	<-	0.194212	2	1	38069144
627	Gene	BDNF	BDNF-dependent		Disease	suicidality	suicidality	is a therapeutic target in	<-	0.194206	2	1	16002234
627	Gene	BDNF	BDNF		Disease	neuroinflammatory	neuroinflammatory	contributes to	<-	0.194105	2	1	27837670
627	Gene	BDNF	adrenocorticotropic hormone	10445	Gene	MCRS1	MCRs	positively regulates	->	0.193925	1	1	28551512
351	Gene	APP	p75 neurotrophic receptors	3091	Gene	HIF1A	proBDNF	increases level of	->	0.193710	1	1	38161282
3091	Gene	HIF1A	ProBDNF	7157	Gene	TP53	inflammatory cytokines	negatively regulates	->	0.193710	1	1	38161282
0859292	Disease	developmental delay, behavioral abnormalities, and neuropsychiatric disorders	neuropsychiatric disorders	627	Gene	BDNF	neurotrophic factors	alters level of	->	0.193547	1	1	18313696
627	Gene	BDNF	BDNF	2475	Gene	MTOR	mTOR	decreases level of	->	0.193522	2	1	35871433
449646	Chemical	Mppf F-18	[3H]MPPF	627	Gene	BDNF	serotonin-1A receptors	negatively regulates	->	0.193493	1	1	19215942
969516	Chemical	Curcumin	curcumin	627	Gene	BDNF	5-HT receptor	positively regulates	->	0.193493	1	1	34023306
3386	Chemical	Fluoxetine	fluoxetine	3091	Gene	HIF1A	proBDNF	decreases level of	->	0.193481	4	1	32588356
627	Gene	BDNF	glial fibrillary acidic protein		Disease	vascular depression	vascular depression	is a biomarker of	<-	0.193449	1	1	12397151
627	Gene	BDNF	BDNF		Disease	suicidal attempt	suicidal attempt	is associated with susceptibility to	<-	0.193449	1	1	23992681
	Disease	trauma	trauma	627	Gene	BDNF	alpha2-adrenergic receptors	alters level of	->	0.193449	1	1	33446284
627	Gene	BDNF	BDNF		Disease	major depressive disease	major depressive disease	is associated with susceptibility to	<-	0.193449	1	1	35605794
627	Gene	BDNF	BDNF	9970	Disease	obesity	obesity	contributes to	<-	0.193410	1	1	34982395
627	Gene	BDNF	BDNF; mBDNF	3091	Gene	HIF1A	proBDNF	positively regulates	->	0.193371	2	1	28375203
3190	Gene	HNRNPK	HnRNPK; hnRNPK		Gene	ERK-BDNF	ERK-BDNF	is part of	->	0.193289	2	1	37543308
3091	Gene	HIF1A	proBDNF	627	Gene	BDNF	mBDNF; BDNF	decreases level of	->	0.193285	3	2	23537780; 28509900
6860	Gene	SYT4	Syt4	627	Gene	BDNF	BDNF	negatively regulates	->	0.193285	2	1	38297157
169450070	Chemical	(3-Fluoranyl-5-oxidanyl-phenyl)-(3-methoxy-5-nitro-4-oxidanyl-phenyl)methanone	piTBS	627	Gene	BDNF	BDNF	affects	->	0.193276	1	1	34715162
4922	Gene	NTS	NTs	627	Gene	BDNF	BDNF; neurotrophin 3	positively regulates	->	0.193264	2	1	24128677
627	Gene	BDNF	BDNF	3066	Gene	HDAC2	HDAC2	positively regulates	->	0.193058	1	1	37429454
1229	Chemical	2,5-Dimethoxy-4-iodoamphetamine	DOI	627	Gene	BDNF	5-HT2AR	positively regulates	->	0.193058	1	1	38212441
627	Gene	BDNF	BDNF		Disease	depression-like	depression-like	is a biomarker of	<-	0.192909	1	1	35597333
10325028	Chemical	R-93274	5-I-R91150	627	Gene	BDNF	serotonin-(2a) (5-HT(2a)) receptors	affects	->	0.192621	1	1	12706516
3439	Gene	IFNA1	IFN-α	627	Gene	BDNF	BDNF	positively regulates	->	0.192621	1	1	20667172
5460341	Chemical	Calcium	calcium	627	Gene	BDNF	BDNF	negatively regulates	->	0.192621	1	1	34628790
5027	Gene	P2RX7	P2X7	627	Gene	BDNF	glial fibrillary acidic protein	increases level of	->	0.192621	1	1	38256257
627	Gene	BDNF	5-HT(1A); BDNF	6532	Gene	SLC6A4	SERT; SLC6A4	positively regulates	->	0.192571	2	2	21449006; 31721892
104955	Chemical	Skf 96365	SKF96365	627	Gene	BDNF	Bdnf	negatively regulates	->	0.192428	1	1	30504797
627	Gene	BDNF	5-HT(1A) receptor		Disease	TLE-MDD	TLE-MDD	contributes to	<-	0.192386	1	1	17588547
3091	Gene	HIF1A	proBDNF	2904	Gene	GRIN2B	NR2B	decreases level of	->	0.192331	2	1	28284898
627	Gene	BDNF	neuropeptide Y	7124	Gene	TNF	corticotropin-releasing hormone	negatively regulates	->	0.192208	1	1	16112814
90488900	Chemical	NPEC-caged serotonin	serotonin-related; Serotonin-Related	627	Gene	BDNF	5-hydroxytryptamine receptor 1A; 5-hydroxytryptamine receptor 2A; BDNF	affects	->	0.191921	3	2	19560507; 41300755
2100	Gene	ESR2	ERbeta	627	Gene	BDNF	BDNF	interacts with	<->	0.191792	1	1	19755135
182248	Chemical	Johnstonol	St John's wort	627	Gene	BDNF	BDNF	negatively regulates	->	0.191792	1	1	20856249
3791	Gene	KDR	Kdr	627	Gene	BDNF	Bdnf	decreases level of	->	0.191792	1	1	35476290
351	Gene	APP	extracellular signal-regulating kinase	627	Gene	BDNF	BDNF	is part of	->	0.191792	1	1	37543308
1742	Gene	DLG4	PSD95	627	Gene	BDNF	BDNF	affects	->	0.191792	1	1	41825795
4338370	Chemical	2-Nitro-4-phenylenediamine	GABA-related	627	Gene	BDNF	BDNF	interacts with	<->	0.191672	2	1	23128924
627	Gene	BDNF	BDNF	0080909	Disease	castration-resistant prostate carcinoma	CAs	is associated with susceptibility to	<-	0.191551	2	1	24683520
1312	Gene	COMT	COMT; SERTPR	627	Gene	BDNF	5-HT(1A) serotonergic receptor; BDNF	affects	->	0.191422	2	2	21449006; 25990886
1742	Disease	drug psychosis	psychosis	627	Gene	BDNF	doublecortin	alters level of	->	0.191236	1	1	23778854
627	Gene	BDNF	BDNF	5419	Disease	schizophrenia	schizophrenia	is a therapeutic target in	<-	0.191166	1	1	22094229
627	Gene	BDNF	BDNF	9607	Gene	CARTPT	CART	interacts with	<->	0.190980	1	1	19755135
9846431	Chemical	Xestospongin C	xestospongin C	627	Gene	BDNF	Bdnf	negatively regulates	->	0.190980	1	1	30504797
627	Gene	BDNF	BDNF		Gene	BDNFp.Val66Met	BDNFp.Val66Met	affects	->	0.190836	1	1	34536433
78867	Chemical	5-Aminoindole	indolalkylamines-and	627	Gene	BDNF	serotonin 5-HT(1A) receptor	positively regulates	->	0.190783	1	1	22013560
9922558	Chemical	alpha-Methyl-5-hydroxytryptamine maleate	serotonin-mediated	627	Gene	BDNF	5-HT(2) receptors	increases level of	->	0.190584	1	1	11740973
5121	Gene	PCP4	PCP4	627	Gene	BDNF	Purkinje cell protein 4	is part of	->	0.190584	1	1	21616539
1641	Gene	DCX	DCX	627	Gene	BDNF	BDNF	decreases level of	->	0.190584	1	1	23260340
627	Gene	BDNF	BDNF		Disease	Depressive-like	Depressive-like	is a therapeutic target in	<-	0.190069	1	1	39145838
2771	Chemical	Citalopram	citalopram	627	Gene	BDNF	BDNF	decreases level of	->	0.189986	1	1	19844754
2064	Gene	ERBB2	urokinase-type plasminogen activator	627	Gene	BDNF	BDNF	positively regulates	->	0.189986	1	1	31734788
11138	Disease	SNCA	SNC	627	Gene	BDNF	glial fibrillary acidic protein	alters level of	->	0.189917	1	1	21962915
2771	Chemical	Citalopram	citalopram	627	Gene	BDNF	5-HT1A receptors	affects	->	0.189786	1	1	18725263
60854	Chemical	Ziprasidone	Ziprasidone	627	Gene	BDNF	5-HT(1A)	positively regulates	->	0.189383	1	1	15003076
60835	Chemical	Duloxetine	duloxetine	627	Gene	BDNF	BDNF; tPA-BDNF	affects	->	0.189226	3	2	25501804; 28375203
627	Gene	BDNF	5-HT(1A) receptor	6530	Gene	SLC6A2	NET	affects	->	0.189006	1	1	19105200
76969675	Chemical	Indium chloride trihydrate	LPS	627	Gene	BDNF	BDNF	interacts with	<->	0.189006	1	1	35597333
627	Gene	BDNF	BDNF	0033429	Disease	Neuroinflammation	neuroinflammation	contributes to	<-	0.188870	1	1	36842657
627	Gene	BDNF	BDNF	3717	Gene	JAK2	interleukin-3	is part of	->	0.188627	1	1	36806598
22933	Gene	SIRT2	SIRT2	627	Gene	BDNF	BDNF	negatively regulates	->	0.188627	1	1	41786805
161166	Chemical	Kynurenine	Kyn; Kynurenine	627	Gene	BDNF	NMDARs	negatively regulates	->	0.188409	2	1	39909168
627	Gene	BDNF	5-HT1A receptor		Disease	hypercortisolemia	hypercortisolemia	is associated with susceptibility to	<-	0.188367	1	1	24035672
627	Gene	BDNF	BDNF		Disease	MDD.ClinicalTrials.gov	MDD.ClinicalTrials.gov	contributes to	<-	0.188367	1	1	29334322
1956	Gene	EGFR	BDNF-targeting		Disease	OCD	OCD	is a therapeutic target in	<-	0.188312	2	1	40749756
3921	Gene	RPSA	LBP	627	Gene	BDNF	BDNF	interacts with	<->	0.188246	1	1	34937590
25817	Gene	TAFA5	FAM19A5	627	Gene	BDNF	BDNF	positively regulates	->	0.188246	1	1	38934178
	Disease	RCS	RCS	627	Gene	BDNF	BDNF	alters level of	->	0.188238	2	1	31188139
627	Gene	BDNF	serotonin (5-HT) receptors	0080134	Disease	multiple mitochondrial dysfunctions syndrome 2	mitochondrial dysfunction	contributes to	<-	0.188223	1	1	35043462
627	Gene	BDNF	BDNF; glial cell line-derived neurotrophic factor	6285	Gene	S100B	S100B	decreases level of	->	0.188060	2	1	38918365
119	Chemical	Gamma-Aminobutyric Acid	GABA	627	Gene	BDNF	BDNF-dependent	decreases level of	->	0.187872	2	1	23128924
3363	Gene	HTR7	h5-HT(1A) receptor	627	Gene	BDNF	5-HT transporter	negatively regulates	->	0.187862	1	1	22171087
627	Gene	BDNF	BDNF	10611	Gene	PDLIM5	PDLIM5	affects	->	0.187862	1	1	22449891
627	Gene	BDNF	BDNF	1385	Gene	CREB1	CREB	increases level of	->	0.187862	1	1	35871433
	Gene	BDNF151	BDNF151	1470	Disease	major depressive disorder	MDD	is associated with susceptibility to	<-	0.187763	1	1	37769873
627	Gene	BDNF	5-HT1A receptor		Disease	anxious	anxious	is associated with susceptibility to	<-	0.187755	2	1	16039621
82148	Chemical	Agomelatine	agomelatine	627	Gene	BDNF	BDNF	increases level of	->	0.187685	1	1	28833192
5460341	Chemical	Calcium	calcium	1956	Gene	EGFR	BDNF-TrkB-CaMKII	increases level of	->	0.187685	1	1	34628790
627	Gene	BDNF	5-HT2AR; BDNF	9734	Gene	HDAC9	HDAC	interacts with	<->	0.187614	2	1	37782408
1956	Gene	EGFR	sortilin; Intercellular adhesion molecule-1	627	Gene	BDNF	mBDNF; BDNF; glial fibrillary acidic protein	decreases level of	->	0.187592	4	2	21536333; 23537780
5819	Chemical	Thyroxine	free thyroxin; T4; thyroxine	627	Gene	BDNF	adrenocorticotropic hormone	positively regulates	->	0.187516	3	1	31125758
627	Gene	BDNF	BDNF	2692	Gene	GHRHR	GHRHR	affects	->	0.187506	1	1	22449891
627	Gene	BDNF	BDNF	5146	Gene	PDE6C	PDE6C	affects	->	0.187506	1	1	22449891
627	Gene	BDNF	BDNF	406921	Gene	MIR132	miR-132	positively regulates	->	0.187506	1	1	26239616
627	Gene	BDNF	BDNF		Disease	oxidative stress	oxidative stress	is associated with susceptibility to	<-	0.187418	2	1	28550365
6603915	Chemical	4-Fluoro-N-(2-(4-(2-methoxyphenyl)-1-piperazinyl)ethyl)-N-2-pyridinylbenzamide	[¹⁸F]MPPF	627	Gene	BDNF	5-HT(1A) receptor	interacts with	<->	0.187327	1	1	22863653
627	Gene	BDNF	BDNF		Disease	depressive-like	depressive-like	is a biomarker of	<-	0.187190	1	1	26655599
189460	Chemical	Catecholamine	catecholamine	627	Gene	BDNF	5-HT1A serotonergic receptors; α2-adrenergic	negatively regulates	->	0.187070	2	1	29676236
2771	Chemical	Citalopram	citalopram	627	Gene	BDNF	BDNF	increases level of	->	0.186713	2	1	23583029
627	Gene	BDNF	dopamine D2 receptors		Disease	rhythmic movements of the mouth	rhythmic movements of the mouth	contributes to	<-	0.186522	1	1	11939686
	Disease	mania	mania	627	Gene	BDNF	BDNF	alters level of	->	0.186431	4	1	16002234
25229652	Chemical	J147	J147	627	Gene	BDNF	5-HT receptor	positively regulates	->	0.186395	1	1	34023306
627	Gene	BDNF	DAT-immunoreactive	7054	Gene	TH	TH-immunoreactive	decreases level of	->	0.186243	1	1	24485387
3485	Gene	IGFBP2	IGFBP-2	627	Gene	BDNF	BDNF	interacts with	<->	0.186243	1	1	27108110
22880	Chemical	Nmda	NMDA	627	Gene	BDNF	BDNF	interacts with	<->	0.186061	1	1	19744406
11051	Gene	NUDT21	TPH2-5-203	627	Gene	BDNF	TPH2-10-60	decreases level of	->	0.185694	1	1	32738671
4790	Gene	NFKB1	NF-κB	627	Gene	BDNF	CREB-BDNF	positively regulates	->	0.185694	1	1	41242308
627	Gene	BDNF	BDNF	1595	Disease	melancholic depression	melancholic depression	is a therapeutic target in	<-	0.185672	1	1	19236730
627	Gene	BDNF	BDNF		Disease	executive dysfunctions	executive dysfunctions	is a biomarker of	<-	0.185517	4	1	29334322
627	Gene	BDNF	BDNF		Disease	trauma	trauma	is a biomarker of	<-	0.185475	2	1	22551661
3725	Gene	JUN	secretogranin III	627	Gene	BDNF	Purkinje cell protein 4	is part of	->	0.185356	1	1	21616539
627	Gene	BDNF	phosphodiesterase-4	5141	Gene	PDE4A	PDE4	is part of	->	0.185356	1	1	27725657
122190591	Chemical	1-(3-iodophenyl)-4-(3-nitrophenyl)-1H-1,2,3-triazole	LPS-induced	627	Gene	BDNF	BDNF	positively regulates	->	0.185356	1	1	36842657
6285	Gene	S100B	S100B	627	Gene	BDNF	BDNF	increases level of	->	0.185336	2	1	24529042
627	Gene	BDNF	BDNF		Disease	suicidal behaviour	suicidal behaviour	is associated with susceptibility to	<-	0.185187	1	1	18600033
6532	Gene	SLC6A4	SERT	627	Gene	BDNF	BDNF	decreases level of	->	0.185171	1	1	27356518
627	Gene	BDNF	tPA-plasminogen		Disease	CVD	CVD	is associated with susceptibility to	<-	0.185145	2	1	18929445
7422	Gene	VEGFA	BDNF-induced	1956	Gene	EGFR	Akt-mTORC1; Erk-MAPK	negatively regulates	->	0.185091	2	1	29507199
4137	Gene	MAPT	tau; Tau; tau-181	627	Gene	BDNF	glial fibrillary acidic protein	decreases level of	->	0.185048	3	1	39152102
169442739	Chemical	Cyclohexanone, 2-(2-chlorophenyl)-2-(methylamino)-, 2(S)-, (2R,3R)-2,3-dihydroxybutanedioate (1:1)	ketamine-treated	627	Gene	BDNF	BDNF	increases level of	->	0.185017	1	1	35925279
627	Gene	BDNF	BDNF		Disease	T	T	is a therapeutic target in	<-	0.184965	1	1	31611000
627	Gene	BDNF	BDNF		Disease	MDDs	MDDs	contributes to	<-	0.184965	1	1	34982395
627	Gene	BDNF	BDNF; neurotrophin-3	6272	Gene	SORT1	NT3	positively regulates	->	0.184895	2	1	19921971
23411	Gene	SIRT1	SIRT1	627	Gene	BDNF	BDNF	negatively regulates	->	0.184644	1	1	41786805
207	Gene	AKT1	Akt	627	Gene	BDNF	BDNF	increases level of	->	0.184488	1	1	31202810
627	Gene	BDNF	BDNF	2100	Gene	ESR2	ERβ	decreases level of	->	0.184331	1	1	28544903
627	Gene	BDNF	BDNF	1788	Gene	DNMT3A	DNMT3A	affects	->	0.184331	1	1	33173990
7422	Gene	VEGFA	BDNF TrkB receptor	627	Gene	BDNF	BDNF	positively regulates	->	0.184331	1	1	34497360
146896208	Gene	PROLIT1	LncRNA	627	Gene	BDNF	BDNF	affects	->	0.184331	1	1	39145838
627	Gene	BDNF	BDNF	0025100	Disease	Abnormal hippocampus morphology	hippocampal abnormalities	is associated with susceptibility to	<-	0.184321	1	1	19376528
335	Gene	APOA1	Annexin II	627	Gene	BDNF	BDNF	positively regulates	->	0.183986	1	1	16890384
4747	Gene	NEFL	NfL	627	Gene	BDNF	glial fibrillary acidic protein	affects	->	0.183986	1	1	41683895
	Disease	DNS	DNS	627	Gene	BDNF	BDNF	alters level of	->	0.183897	1	1	23260340
3091	Gene	HIF1A	proBDNF		Gene	p75ECD-Fc	p75ECD-Fc	affects	->	0.183897	1	1	38161282
3576	Gene	CXCL8	IL-8	627	Gene	BDNF	BDNF	decreases level of	->	0.183828	1	1	38101069
6453452	Chemical	Engeletin	engeletin	627	Gene	BDNF	BDNF	interacts with	<->	0.183828	1	1	37799103
10522	Gene	DEAF1	NUDR	627	Gene	BDNF	5-HT1A receptor	affects	->	0.183778	2	1	18561871
10934941	Chemical	(S)-(+)-(2-Butenoyl)-2,10-camphorsultam	cAMP-based	627	Gene	BDNF	(r) 5-HT(7) receptor	negatively regulates	->	0.183638	1	1	22171087
4915	Gene	NTRK2	TrkB	3091	Gene	HIF1A	proBDNF	is part of	->	0.183638	1	1	28375203
4615	Gene	MYD88	MyD88	627	Gene	BDNF	CREB-BDNF	positively regulates	->	0.183638	1	1	41242308
5282375	Chemical	Etretinate	retinoid		Gene	BDNF-based	BDNF-based	interacts with	<->	0.183470	1	1	23960204
627	Gene	BDNF	5-HT 2A receptor; serotonin (5-HT) 2A receptor		Disease	BP	BP	is associated with susceptibility to	<-	0.183429	2	1	19428704
1956	Gene	EGFR	plasmin	3091	Gene	HIF1A	proBDNF	positively regulates	->	0.183320	1	1	28375203
13709	Chemical	Methidathion	GY-13	627	Gene	BDNF	BDNF	negatively regulates	->	0.183320	1	1	35452773
64077	Gene	LHPP	LHPP	627	Gene	BDNF	BDNF	affects	->	0.183320	1	1	37678540
	Gene	BDNF-heterozygous	BDNF-heterozygous	6750	Gene	SST	SST	decreases level of	->	0.183268	1	1	21912391
	Disease	neuronal damage	neuronal damage	627	Gene	BDNF	BDNF	alters level of	->	0.183268	1	1	38582152
627	Gene	BDNF	serotonin 5-HT1A receptor; α2-adrenergic	3350	Gene	HTR1A	5-HT1A; 5-HT3A, 5-HT7 and 5-HT1D receptors	negatively regulates	->	0.183254	2	2	24524096; 29676236
1557	Gene	CYP2C19	CYP2C19	627	Gene	BDNF	BDNF	decreases level of	->	0.183161	1	1	27895323
627	Gene	BDNF	adrenocorticotropic hormone		Disease	OSA	OSA	is a biomarker of	<-	0.183065	1	1	32593070
627	Gene	BDNF	5-HT(1A)R	594	Disease	panic disorder	panic disorder	contributes to	<-	0.183028	1	1	14736842
627	Gene	BDNF	dopamine D2 receptor	0050741	Disease	alcohol dependence	alcohol dependence	is associated with susceptibility to	<-	0.183028	1	1	17476365
3283	Gene	HSD3B1	HSD3B1	627	Gene	BDNF	BDNF	affects	->	0.183001	1	1	22449891
348	Gene	APOE	Tissue plasminogen activator	3091	Gene	HIF1A	proBDNF	affects	->	0.183001	1	1	39244009
167437648	Chemical	Anti-inflammatory agent 54	anti-inflammatory drugs	627	Gene	BDNF	glial-fibrillary-acidic-protein	increases level of	->	0.182648	1	1	23711979
3549980	Chemical	Valproate	valproate	627	Gene	BDNF	BDNF	decreases level of	->	0.182648	1	1	25012449
27250	Gene	PDCD4	Pdcd4	627	Gene	BDNF	BDNF	decreases level of	->	0.182648	1	1	32203159
	Gene	GFRα1b	GFRα1b	627	Gene	BDNF	doublecortin	negatively regulates	->	0.182452	1	1	25689572
627	Gene	BDNF	BDNF	594	Disease	panic disorder	panic disorder	is a therapeutic target in	<-	0.182399	1	1	31465895
5994	Chemical	Progesterone	progesterone	627	Gene	BDNF	Adrenocorticotropic Hormone	positively regulates	->	0.182325	1	1	24080256
348235	Gene	SKA2	SKA2	627	Gene	BDNF	FK506-binding protein 5	interacts with	<->	0.182325	1	1	27030168
9210	Chemical	Quinazoline	QuinA	627	Gene	BDNF	NMDARs	negatively regulates	->	0.182325	1	1	39909168
3091	Gene	HIF1A	proBDNF	0002021	Disease	gingival disorder	GI disorders	is a biomarker of	<-	0.182219	3	1	32588356
627	Gene	BDNF	BDNF		Disease	OCD	OCD	is associated with susceptibility to	<-	0.182053	2	1	31046037
627	Gene	BDNF	neuropeptide Y	4852	Gene	NPY	NPY	negatively regulates	->	0.182033	1	1	16112814
5327	Gene	PLAT	tPA	3091	Gene	HIF1A	proBDNF	positively regulates	->	0.182033	1	1	28375203
2882138	Chemical	Antidepressant agent 1	antidepressant	627	Gene	BDNF	5-HT1A receptor	positively regulates	->	0.181870	1	1	37585254
	Disease	synaptic deficits	synaptic deficits	627	Gene	BDNF	BDNF	alters level of	->	0.181834	1	1	22036038
762	Gene	CA4	CA4	627	Gene	BDNF	CA2/3	decreases level of	->	0.181707	1	1	37459779
7099	Gene	TLR4	TLR4	627	Gene	BDNF	CREB-BDNF	positively regulates	->	0.181707	1	1	41242308
66265	Chemical	Dexfenfluramine	D-FEN; D-fenfluramine	627	Gene	BDNF	adrenocorticotropic hormone	negatively regulates	->	0.181662	2	1	10451906
10716	Gene	TBR1	TBR1	627	Gene	BDNF	BDNF	increases level of	->	0.181543	1	1	12513943
0081064	Disease	BN2 diffuse large B-cell lymphoma	BN	627	Gene	BDNF	BDNF	alters level of	->	0.181455	1	1	15997610
5073	Chemical	Risperidone	risperidone	627	Gene	BDNF	BDNF	affects	->	0.181258	3	1	18803170
3569	Gene	IL6	tissue-type plasminogen activator	3091	Gene	HIF1A	proBDNF	positively regulates	->	0.181082	1	1	28375203
627	Gene	BDNF	BDNF	497258	Gene	BDNF-AS	BDNFOS	affects	->	0.181082	1	1	31295515
168006868	Chemical	diSPhMC-Asn-Pro-Val-PABC-MMAE	5hmC	627	Gene	BDNF	Bdnf	affects	->	0.181082	1	1	33173990
5715	Gene	PSMD9	PSMD9	627	Gene	BDNF	BDNF	is part of	->	0.180784	1	1	22449891
255239	Gene	ANKK1	ANKK1	627	Gene	BDNF	D2/3 receptor	interacts with	<->	0.180784	1	1	23683269
3091	Gene	HIF1A	proBDNF	920	Gene	CD4	CD4	increases level of	->	0.180784	1	1	38161282
3091	Gene	HIF1A	proBDNF	925	Gene	CD8A	CD8	increases level of	->	0.180784	1	1	38161282
1370	Chemical	1,3-Benzodioxol-5-yl-1-piperidinylmethanone	BCP	627	Gene	BDNF	5-HT1A serotonergic receptors; α2-adrenergic	negatively regulates	->	0.180579	4	1	29676236
627	Gene	BDNF	BDNF	1270	Gene	CNTF	CNTF	affects	->	0.180451	1	1	16797081
5070	Chemical	Riluzole	riluzole	627	Gene	BDNF	BDNF	decreases level of	->	0.180451	1	1	30153634
7422	Gene	VEGFA	BDNF TrkB receptor	207	Gene	AKT1	Akt	positively regulates	->	0.180451	1	1	34497360
348	Gene	APOE	brain-derived neurotrophic factor	3091	Gene	HIF1A	proBDNF	is part of	->	0.180317	1	1	18929445
1395	Gene	CRHR2	CRHR2	627	Gene	BDNF	BDNF	decreases level of	->	0.180317	1	1	41240141
4915	Gene	NTRK2	TrkB	3091	Gene	HIF1A	proBDNF	decreases level of	->	0.180178	6	1	23537780
6774	Gene	STAT3	IFN-α-induced	627	Gene	BDNF	BDNF	positively regulates	->	0.180150	1	1	20667172
6950	Chemical	Dinoseb	SPARIs'	627	Gene	BDNF	5-HT1A receptor	positively regulates	->	0.180150	1	1	29057413
627	Gene	BDNF	BDNF	3479	Gene	IGF1	IGF-1	affects	->	0.180150	1	1	34536433
1066	Chemical	Quinolinic Acid	Quinolinic acid	627	Gene	BDNF	NMDARs	negatively regulates	->	0.180150	1	1	39909168
10014	Gene	HDAC5	HDAC5	627	Gene	BDNF	BDNF	negatively regulates	->	0.180150	1	1	41786805
	Gene	BDNF-heterozygous	BDNF-heterozygous	4852	Gene	NPY	NPY	decreases level of	->	0.180098	1	1	21912391
627	Gene	BDNF	BDNF	0111250	Disease	Parkinson's disease 3	Parkinson's disease	is a biomarker of	<-	0.179939	1	1	40015617
2891	Gene	GRIA2	GRIA2	627	Gene	BDNF	Purkinje cell protein 4	is part of	->	0.179847	1	1	21616539
	Disease	AN	AN	627	Gene	BDNF	BDNF	alters level of	->	0.179536	1	1	15997610
627	Gene	BDNF	BDNF	2055	Disease	post-traumatic stress disorder	PTSD	is a biomarker of	<-	0.179433	2	1	38542503
3091	Gene	HIF1A	proBDNF	348	Gene	APOE	NMDA receptor; postsynaptic density protein 95	affects	->	0.179427	4	1	28284898
11346	Gene	SYNPO	AMPA-R	627	Gene	BDNF	BDNF	positively regulates	->	0.179407	1	1	31202810
627	Gene	BDNF	BDNF		Disease	mania	mania	is associated with susceptibility to	<-	0.179347	1	1	25543333
5355	Chemical	Sulpiride	sulpiride	627	Gene	BDNF	Dopamine D2 receptor	affects	->	0.179271	1	1	11418281
122646982	Chemical	HKOCl-3	3-HK	627	Gene	BDNF	BDNF	affects	->	0.179271	1	1	40576678
3821	Chemical	Ketamine	ketamine	627	Gene	BDNF	BDNF	negatively regulates	->	0.179240	2	2	22036038; 22676966
7453	Gene	WARS1	γ2	627	Gene	BDNF	BDNF	decreases level of	->	0.179100	1	1	25107590
2890	Gene	GRIA1	α-amino-3-hydroxy-5-methyl-4-isoxazolepropionic acid (AMPA) receptors	627	Gene	BDNF	BDNF	is part of	->	0.179100	1	1	34655652
4431	Chemical	Nan 190	NAN-190	627	Gene	BDNF	5-HT1A serotonergic receptors; α2-adrenergic	negatively regulates	->	0.178984	2	1	29676236
627	Gene	BDNF	5-HT(2A) receptors		Disease	DT	DT	is associated with susceptibility to	<-	0.178968	1	1	12632246
439260	Chemical	Norepinephrine	norepinephrine	627	Gene	BDNF	5-HT1A receptor	negatively regulates	->	0.178964	1	1	25942044
2674	Gene	GFRA1	GFRα1	627	Gene	BDNF	doublecortin	positively regulates	->	0.178964	1	1	25689572
3386	Chemical	Fluoxetine	fluoxetine	627	Gene	BDNF	5-hydroxytryptamine receptor 1B	affects	->	0.178964	1	1	28025020
5462224	Chemical	Magnesium	magnesium	627	Gene	BDNF	BDNF	affects	->	0.178964	1	1	35241021
801	Gene	CALM1	CAMKII-alpha	627	Gene	BDNF	BDNF	increases level of	->	0.178826	1	1	12513943
627	Gene	BDNF	Bdnf	6750	Gene	SST	Sst	negatively regulates	->	0.178826	1	1	30449530
4886	Gene	NPY1R	Y1R	627	Gene	BDNF	BDNF	positively regulates	->	0.178826	1	1	36599082
	Disease	DS	DS	627	Gene	BDNF	BDNF	alters level of	->	0.178777	1	1	23260340
	Disease	disorders of compulsion	disorders of compulsion	627	Gene	BDNF	BDNF	alters level of	->	0.178777	1	1	33757426
162643769	Chemical	Antiparasitic agent-2	antipsychotics	627	Gene	BDNF	dopamine D2 receptor	increases level of	->	0.178689	1	1	14509051
46194816	Chemical	N8CG9437DN	SSRI; SSRIs	627	Gene	BDNF	BDNF	increases level of	->	0.178685	2	1	30771710
627	Gene	BDNF	BDNF	1843	Gene	DUSP1	MKP-1	increases level of	->	0.178517	1	1	26176177
627	Gene	BDNF	BDNF; neurotrophin 3	6272	Gene	SORT1	NT3	affects	->	0.178439	2	1	24128677
5957	Chemical	5'-Atp	ATP	627	Gene	BDNF	5-HT(2) receptors	increases level of	->	0.178379	1	1	11740973
627	Gene	BDNF	EAT-26		Disease	suicidal ideations	suicidal ideations	is a biomarker of	<-	0.178229	1	1	41022654
627	Gene	BDNF	BDNF	1012751	Disease	chondrodysplasia, COL2A1-related, pig	depression-related	is associated with susceptibility to	<-	0.178163	1	1	23165919
192785	Chemical	5-Methylcytidylic acid	5mC	627	Gene	BDNF	Bdnf	affects	->	0.178102	1	1	33173990
3091	Gene	HIF1A	proBDNF	351	Gene	APP	p75 neurotrophic receptors	increases level of	->	0.178102	1	1	38161282
3553	Gene	IL1B	IL-1	627	Gene	BDNF	BDNF; neuropeptide Y	affects	->	0.177962	3	1	21898706
887	Gene	CCKBR	ΔFOSB	627	Gene	BDNF	Purkinje cell protein 4	is part of	->	0.177823	1	1	21616539
5281544	Chemical	Oleuropein	oleuropein	627	Gene	BDNF	BDNF	negatively regulates	->	0.177823	1	1	34628790
168929	Chemical	1,2-Benzenediol, 4-[(1S)-2-amino-1-hydroxyethyl]-, (2R,3R)-2,3-dihydroxybutanedioate (1:1)	serotonin-norepinephrine reuptake inhibitors	627	Gene	BDNF	BDNF	negatively regulates	->	0.177823	1	1	38594753
3091	Gene	HIF1A	proBDNF; tryptophan-2,3-dioxygenase	0033429	Disease	Neuroinflammation	neuroinflammation	is associated with susceptibility to	<-	0.177719	2	2	28236848; 36949310
7852	Gene	CXCR4	artemin	627	Gene	BDNF	neurotrophin-3; neurotrophin-4	is part of	->	0.177418	2	1	18313696
3091	Gene	HIF1A	proBDNF	4804	Gene	NGFR	p75NTR	is part of	->	0.177262	1	1	28375203
3091	Gene	HIF1A	proBDNF	23105	Gene	FSTL4	FSTL4	increases level of	->	0.177262	1	1	32378057
627	Gene	BDNF	BDNF		Gene	BDNF-immunoreactive	BDNF-immunoreactive	decreases level of	->	0.177174	1	1	19755135
2890	Gene	GRIA1	α-amino-3-hydroxy-5-methyl-4-isoxazolepropionic acid receptors	627	Gene	BDNF	BDNF	positively regulates	->	0.177121	1	1	31202810
5920	Chemical	Liothyronine	T3; triiodothyronine	627	Gene	BDNF	adrenocorticotropic hormone	positively regulates	->	0.177111	2	1	31125758
627	Gene	BDNF	BDNF	9048	Gene	ARTN	ARTN	affects	->	0.176980	1	1	24994477
5920	Chemical	Liothyronine	T3	627	Gene	BDNF	BDNF	affects	->	0.176980	1	1	35241021
627	Gene	BDNF	BDNF	2166	Gene	FAAH	FAAH	increases level of	->	0.176980	1	1	36835237
9048	Gene	ARTN	ARTN	627	Gene	BDNF	neurotrophin-3; neurotrophin-4	is part of	->	0.176886	2	1	18313696
1325	Gene	CORT	CORT	627	Gene	BDNF	BDNF	decreases level of	->	0.176838	1	1	21912391
285987	Gene	DLX6-AS1	Dlx6-AS1	627	Gene	BDNF	TrkB-CREB	is part of	->	0.176696	1	1	39120293
627	Gene	BDNF	EAT-26	1010361	Disease	hyperphagia leading to hepatic steatosis, non-human animal	hyperphagia	is associated with susceptibility to	<-	0.176657	1	1	41022654
627	Gene	BDNF	BDNF	1307	Disease	dementia	dementia	is associated with susceptibility to	<-	0.176640	1	1	30125821
	Gene	ERK-BDNF	ERK-BDNF		Disease	depression-like	depression-like	is associated with susceptibility to	<-	0.176562	1	1	37543308
5594	Gene	MAPK1	polysialilated neural cell adhesion molecule	627	Gene	BDNF	PSA-NCAM	increases level of	->	0.176446	1	1	23260340
7124	Gene	TNF	serotonin (and possibly norepinephrine) transporter	627	Gene	BDNF	5-HT1A,/1B	positively regulates	->	0.176446	1	1	23706576
5684	Chemical	Way 100635	WAY100635	627	Gene	BDNF	5-HT1A receptor	affects	->	0.176446	1	1	29550938
627	Gene	BDNF	BDNF	207	Gene	AKT1	Akt	positively regulates	->	0.176446	1	1	34497360
5728	Gene	PTEN	Pten	627	Gene	BDNF	Bdnf	decreases level of	->	0.176446	1	1	35476290
627	Gene	BDNF	BDNF		Disease	type I BD	type I BD	is associated with susceptibility to	<-	0.176299	1	1	27018938
162643769	Chemical	Antiparasitic agent-2	antipsychotics	627	Gene	BDNF	BDNF	interacts with	<->	0.176208	2	1	22356822
348	Gene	APOE	brain-derived neurotrophic factor	3091	Gene	HIF1A	proBDNF	decreases level of	->	0.176160	1	1	22880079
1150	Chemical	Tryptamine	TSH	627	Gene	BDNF	BDNF	increases level of	->	0.176160	1	1	25189990
0000269	Disease	epileptic seizure	epileptic seizure	627	Gene	BDNF	BDNF	alters level of	->	0.175977	1	1	27787610
4915	Gene	NTRK2	TrkB		Gene	BDNF-based	BDNF-based	positively regulates	->	0.175957	1	1	23960204
627	Gene	BDNF	FK506-binding-protein-5		Gene	Corticotrophin-releasing-hormone-receptor-2	Corticotrophin-releasing-hormone-receptor-2	interacts with	<->	0.175957	1	1	25086452
627	Gene	BDNF	Glial cell line-derived neurotrophic factor	2668	Gene	GDNF	GDNF	positively regulates	->	0.175908	1	1	30445385
7422	Gene	VEGFA	BDNF TrkB receptor	5594	Gene	MAPK1	Erk	positively regulates	->	0.175908	1	1	34497360
627	Gene	BDNF	BDNF	3976	Gene	LIF	LIF	increases level of	->	0.175908	1	1	35123326
627	Gene	BDNF	adrenocorticotropic hormone	1401	Gene	CRP	copeptin	positively regulates	->	0.175908	1	1	37059029
	Disease	OCD	OCD	627	Gene	BDNF	BDNF	alters level of	->	0.175751	5	1	40749756
627	Gene	BDNF	BDNF		Disease	SCZ	SCZ	contributes to	<-	0.175644	2	1	31711978
627	Gene	BDNF	5-HT(2A) receptor	112476	Gene	PRRT2	PKC	affects	->	0.175619	1	1	19111907
627	Gene	BDNF	DRD1-5	0050742	Disease	nicotine dependence	nicotine dependence	is associated with susceptibility to	<-	0.175568	1	1	24927283
1950	Gene	EGF	EGF	627	Gene	BDNF	BDNF	interacts with	<->	0.175474	1	1	27108110
8811	Gene	GALR2	GALR2	627	Gene	BDNF	BDNF	positively regulates	->	0.175474	1	1	36599082
627	Gene	BDNF	DRD1-5	0700377	Disease	NDP-related vitreoretinopathy	ND	is associated with susceptibility to	<-	0.175373	2	1	24927283
6076	Chemical	Camp	cAMP	627	Gene	BDNF	BDNF	interacts with	<->	0.175365	1	1	11522260
1066	Chemical	Quinolinic Acid	quinolinic acid	627	Gene	BDNF	BDNF	affects	->	0.175365	1	1	40576678
5754	Chemical	Cortisol	cortisol	627	Gene	BDNF	5-HT(1A) receptor	decreases level of	->	0.175110	1	1	14573316
627	Gene	BDNF	glial fibrillary acidic protein	324	Gene	APC	GS	decreases level of	->	0.175110	1	1	30635928
4205	Chemical	Mirtazapine	mirtazapine	627	Gene	BDNF	BDNF	positively regulates	->	0.175110	1	1	39413901
122646982	Chemical	HKOCl-3	3-HK	627	Gene	BDNF	NMDARs	negatively regulates	->	0.175110	1	1	39909168
627	Gene	BDNF	BDNF		Disease	BDs	BDs	contributes to	<-	0.174976	1	1	25305432
3153	Chemical	6-Amino-5,6,7,8-tetrahydro-2,3-naphthalenediol	ADT	627	Gene	BDNF	5-HT1A receptor	positively regulates	->	0.174963	1	1	37585254
627	Gene	BDNF	BDNF		Disease	executive dysfunctions	executive dysfunctions	is associated with susceptibility to	<-	0.174865	2	1	29334322
439260	Chemical	Norepinephrine	norepinephrine	627	Gene	BDNF	BDNF	increases level of	->	0.174816	1	1	38458412
627	Gene	BDNF	adrenocorticotropic hormone	114769	Gene	CARD16	CoP	positively regulates	->	0.174559	1	1	37059029
627	Gene	BDNF	BDNF		Disease	suicides	suicides	is associated with susceptibility to	<-	0.174540	2	1	41300755
5999	Gene	RGS4	RGS4	627	Gene	BDNF	BDNF	decreases level of	->	0.174448	1	1	21912391
10475384	Chemical	Glucocorticoids receptor agonist 2	Glucocorticoids	627	Gene	BDNF	BDNF	interacts with	<->	0.174300	1	1	21616544
9607	Gene	CARTPT	CART		Gene	BDNF-immunoreactive	BDNF-immunoreactive	decreases level of	->	0.174156	1	1	19755135
	Gene	BDNF137	BDNF137	1470	Disease	major depressive disorder	MDD	is associated with susceptibility to	<-	0.173994	1	1	37769873
23299	Gene	BICD2	Bicd2	627	Gene	BDNF	BDNF	negatively regulates	->	0.173928	1	1	35858435
627	Gene	BDNF	BDNF		Disease	neural damage	neural damage	contributes to	<-	0.173682	1	1	27837670
6506	Gene	SLC1A2	GLT-1	627	Gene	BDNF	BDNF	negatively regulates	->	0.173667	1	1	30635928
627	Gene	BDNF	Bdnf; BDNF	1641	Gene	DCX	DCX	decreases level of	->	0.173593	2	1	38574868
89	Chemical	3-Hydroxykynurenine	3-Hydroxykynurenine	627	Gene	BDNF	NMDARs	negatively regulates	->	0.173554	1	1	39909168
627	Gene	BDNF	NMDARs	0024614	Disease	neurotic depression	psychotic depression	is associated with susceptibility to	<-	0.173490	1	1	36848775
2289	Gene	FKBP5	FKBP5	627	Gene	BDNF	BDNF	decreases level of	->	0.173441	1	1	38004136
636462	Chemical	2,8-Dihydro-5-hydroxy-2,2-dimethyl-6H-furo(3,4-g)-1-benzopyran-6-one	B11	627	Gene	BDNF	TrkB-CREB	interacts with	<->	0.173441	1	1	40729505
627	Gene	BDNF	BDNF	3976	Gene	LIF	LIF	affects	->	0.173291	1	1	35123326
627	Gene	BDNF	BDNF	57533	Gene	TBC1D14	TBC1D14	increases level of	->	0.173064	1	1	38664360
6863	Gene	TAC1	TAC1	627	Gene	BDNF	BDNF	decreases level of	->	0.172950	1	1	21912391
627	Gene	BDNF	BDNF	288	Gene	ANK3	ANK3	affects	->	0.172799	1	1	24944871
627	Gene	BDNF	Bdnf	23373	Gene	CRTC1	Crtc1	increases level of	->	0.172799	1	1	26970016
84437	Chemical	Methyl N-((4-methylphenyl)sulfonyl)carbamate	BDNF	9966051	Chemical	Vortioxetine	vortioxetine	interacts with	<->	0.172799	1	1	32534176
627	Gene	BDNF	BDNF		Disease	BD-I	BD-I	is associated with susceptibility to	<-	0.172753	1	1	27018938
	Disease	hippocampal damage	hippocampal damage	627	Gene	BDNF	BDNF	alters level of	->	0.172753	1	1	38301816
1268	Gene	CNR1	CB1	627	Gene	BDNF	BDNF	positively regulates	->	0.172684	1	1	28848078
627	Gene	BDNF	BDNF; glial cell line-derived neurotrophic factor	5585	Disease	Ferguson-Smith tumor	FE	is associated with susceptibility to	<-	0.172630	4	1	38069144
627	Gene	BDNF	BDNF	3312	Disease	bipolar disorder	BD	contributes to	<-	0.172620	1	1	27837670
5594	Gene	MAPK1	Erk	627	Gene	BDNF	BDNF	negatively regulates	->	0.172570	1	1	34497360
627	Gene	BDNF	BDNF	5027	Gene	P2RX7	P2RX7	increases level of	->	0.172570	1	1	38664360
627	Gene	BDNF	BDNF	2169	Gene	FABP2	FABP2	increases level of	->	0.172455	1	1	36615801
627	Gene	BDNF	BDNF	5594	Gene	MAPK1	Erk	positively regulates	->	0.172340	1	1	34497360
627	Gene	BDNF	BDNF	1813	Gene	DRD2	DRD2	increases level of	->	0.172340	1	1	38664360
56649286	Chemical	Tak-137	TAK-137	627	Gene	BDNF	BDNF	interacts with	<->	0.172071	1	1	31202810
627	Gene	BDNF	BDNF	1401	Gene	CRP	CRP	affects	->	0.171840	1	1	31669792
627	Gene	BDNF	PSA-NCAM	6531	Gene	SLC6A3	vesicular glutamate transporter 1	positively regulates	->	0.171724	1	1	23022470
9925763	Chemical	Serba-2	selective serotonin reuptake inhibitor	627	Gene	BDNF	serotonin 1A (5-HT1A )	decreases level of	->	0.171607	1	1	30693567
5656	Chemical	Venlafaxine	venlafaxine	627	Gene	BDNF	alpha2-adrenergic receptors	decreases level of	->	0.171491	1	1	18208934
4852	Gene	NPY	NPY	627	Gene	BDNF	BDNF	decreases level of	->	0.171491	1	1	21912391
6507	Gene	SLC1A3	GLAST	627	Gene	BDNF	BDNF	negatively regulates	->	0.171491	1	1	30635928
mir-221	miRNA	mir-221	mir-221	627	Gene	BDNF	BDNF	regulates	->	0.171470	3	1	30589396
627	Gene	BDNF	BDNF	150	Gene	ADRA2A	ADRA2A	affects	->	0.171374	1	1	22356822
3000322	Chemical	Boro-Scopol	scopolamine	627	Gene	BDNF	BDNF	positively regulates	->	0.171374	1	1	39413901
627	Gene	BDNF	BDNF	0060017	Disease	CD3epsilon deficiency	CD	is associated with susceptibility to	<-	0.171361	1	1	17875039
51573	Gene	GDE1	miR-16	627	Gene	BDNF	Doublecortin	increases level of	->	0.171257	1	1	22833211
5609	Gene	MAP2K7	MEK	627	Gene	BDNF	BDNF	is part of	->	0.171257	1	1	28688265
627	Gene	BDNF	alpha2-adrenergic		Gene	heteroreceptors	heteroreceptors	negatively regulates	->	0.171221	1	1	12585696
627	Gene	BDNF	glial fibrillary acidic protein		Disease	astrogliosis	astrogliosis	is a biomarker of	<-	0.171221	1	1	12397151
627	Gene	BDNF	5-HT(1A) receptor		Disease	affective symptoms	affective symptoms	is associated with susceptibility to	<-	0.171221	1	1	17588547
627	Gene	BDNF	5-HT(2A) receptors		Disease	DN depressed	DN depressed	is associated with susceptibility to	<-	0.171097	1	1	12632246
3091	Gene	HIF1A	proBDNF		Disease	depression-associated	depression-associated	contributes to	<-	0.171097	1	1	32588356
3091	Gene	HIF1A	proBDNF	0002021	Disease	gingival disorder	GI disorders	contributes to	<-	0.170969	1	1	32588356
126961754	Chemical	Opioids	opioid	627	Gene	BDNF	5-HT1A receptors	affects	->	0.170904	1	1	18725263
627	Gene	BDNF	BDNF	1978	Gene	EIF4EBP1	4EBP1	increases level of	->	0.170904	1	1	32396921
71744999	Chemical	H-Arg-Gly-Arg-Gly-Asn-Trp-Thr-Leu-Asn-Ser-Ala-Gly-Tyr-Leu-Leu-Gly-Pro-Val-Leu-Pro-Pro-Pro-Ala-Leu-Ala-Leu-Ala-NH2	M1145	627	Gene	BDNF	BDNF	positively regulates	->	0.170786	1	1	38622072
627	Gene	BDNF	5HTT-LPR		Disease	personality traits	personality traits	is associated with susceptibility to	<-	0.170785	1	1	16319503
12888908	Chemical	(1S)-2-Amino-1-(3,4-dimethoxyphenyl)ethan-1-ol	psychedelics	627	Gene	BDNF	5-HT2AR	positively regulates	->	0.170668	1	1	38212441
6918313	Chemical	2-benzofurancarboxamide, 5-(4-(4-(5-cyano-1H-indol-3-yl)butyl)-1-piperazinyl)-, hydrochloride (1:1)	Vilazodone hydrochloride	627	Gene	BDNF	serotonin 5-HT(1A) receptor	positively regulates	->	0.170549	1	1	22013560
57340495	Chemical	H-Ser-Gln-Glu-Pro-Pro-Ile-Ser-xiIle-Asp-Leu-Thr-Phe-His-Leu-Leu-Arg-Glu-Val-Leu-Glu-Met-xiThr-Lys-Ala-Asp-Gln-Leu-Ala-Gln-Gln-Ala-His-Ser-Asn-Arg-Lys-Leu-Leu-Asp-Ile-Ala-NH2	oCRF	627	Gene	BDNF	adrenocorticotropic hormone	decreases level of	->	0.170431	1	1	17526950
6750	Gene	SST	SST	627	Gene	BDNF	BDNF	decreases level of	->	0.170312	1	1	21912391
1750	Gene	DLX6	Dlx6	627	Gene	BDNF	TrkB-CREB	is part of	->	0.170232	1	1	39120293
627	Gene	BDNF	5-HT(1A) receptor	6530	Gene	SLC6A2	NET	increases level of	->	0.170226	2	1	19105200
627	Gene	BDNF	BDNF	6285	Gene	S100B	S100B	increases level of	->	0.169993	1	1	24529042
3091	Gene	HIF1A	proBDNF	2903	Gene	GRIN2A	NR2A	decreases level of	->	0.169873	1	1	32378057
759	Gene	CA1	CA1	627	Gene	BDNF	CA2/3	affects	->	0.169753	1	1	23201228
627	Gene	BDNF	Bdnf	23373	Gene	CRTC1	CRTC1	affects	->	0.169753	1	1	26970016
627	Gene	BDNF	adrenocorticotropic hormone	0000143	Disease	major depressive episode	DSM-IV major depressed	is a therapeutic target in	<-	0.169702	1	1	10451906
2995	Chemical	Desipramine	desipramine	627	Gene	BDNF	5-HT(1A)	negatively regulates	->	0.169552	1	1	20081253
627	Gene	BDNF	BDNF	0700224	Disease	PDE6A-related retinopathy	PD	is a therapeutic target in	<-	0.168406	1	1	31465895
627	Gene	BDNF	dopamine D2 receptors		Disease	extrapyramidal side effect	extrapyramidal side effect	contributes to	<-	0.168389	1	1	11939686
627	Gene	BDNF	BDNF	7425	Gene	VGF	VGF	increases level of	->	0.168208	1	1	21301813
mir-29a-3p	miRNA	mir-29a-3p	mir-29a-3p	627	Gene	BDNF	BDNF	affects	->	0.168163	2	1	40749756
627	Gene	BDNF	BDNF		Disease	manic-depressive	manic-depressive	contributes to	<-	0.168128	1	1	25305432
164668	Gene	APOBEC3H	SG3	627	Gene	BDNF	Purkinje cell protein 4	is part of	->	0.168001	1	1	21616539
5282375	Chemical	Etretinate	retinoid	3091	Gene	HIF1A	BDNF-TrkB	increases level of	->	0.168001	1	1	23960204
68617	Chemical	Sertraline	sertraline	627	Gene	BDNF	BDNF	positively regulates	->	0.167794	1	1	24702987
2260	Gene	FGFR1	FGFR1	627	Gene	BDNF	BDNF	is part of	->	0.167794	1	1	40813470
	Gene	GFRα1a-induced	GFRα1a-induced	627	Gene	BDNF	doublecortin	positively regulates	->	0.167600	1	1	25689572
1749	Gene	DLX5	Dlx5	627	Gene	BDNF	TrkB-CREB	is part of	->	0.167586	1	1	39120293
4907	Gene	NT5E	NT	627	Gene	BDNF	BDNF; neurotrophin 3	positively regulates	->	0.167547	2	1	24128677
627	Gene	BDNF	BDNF; neurotrophin-3	2688	Gene	GH1	HGH	positively regulates	->	0.167382	2	1	19921971
3845	Chemical	Kynurenic Acid	kynurenic acid	627	Gene	BDNF	BDNF	increases level of	->	0.167377	1	1	38458412
7045	Chemical	Quinoxaline	QUIN	627	Gene	BDNF	BDNF	affects	->	0.167377	1	1	40576678
5281544	Chemical	Oleuropein	oleuropein	627	Gene	BDNF	BDNF	affects	->	0.167315	2	1	34628790
627	Gene	BDNF	BDNF; glial cell line-derived neurotrophic factor	2234	Disease	focal epilepsy	focal epilepsy	is associated with susceptibility to	<-	0.167315	2	1	38069144
627	Gene	BDNF	BDNF	4914	Gene	NTRK1	TrkA	positively regulates	->	0.167167	1	1	34928896
627	Gene	BDNF	BDNF		Disease	MDD-R	MDD-R	is associated with susceptibility to	<-	0.167068	1	1	21103954
	Disease	geriatric depression	geriatric depression	627	Gene	BDNF	glial fibrillary acidic protein	alters level of	->	0.167068	1	1	21536333
8470	Gene	SORBS2	AMPAR-mediated	627	Gene	BDNF	NMDARs	decreases level of	->	0.166957	1	1	29158578
627	Gene	BDNF	BDNF	4790	Gene	NFKB1	miR-29a-3p	decreases level of	->	0.166949	2	1	40749756
387032	Gene	ZKSCAN4	Zkscan4	627	Gene	BDNF	5-hydroxytryptamine receptor 2a	interacts with	<->	0.166873	1	1	40408492
627	Gene	BDNF	BDNF	1014849	Disease	endotoxemia, non-human animal	endotoxemia	is a biomarker of	<-	0.166772	1	1	36059088
17756792	Chemical	4-(Phosphonomethyl)piperazine-2-carboxylic acid	NMDA antagonists	627	Gene	BDNF	BDNF	negatively regulates	->	0.166746	1	1	22676966
110668	Chemical	10H-Phenothiazine-10-ethanamine, N,N,beta-trimethyl-, hydrochloride (1:1)	SNRIs	627	Gene	BDNF	BDNF	negatively regulates	->	0.166746	1	1	38594753
3162	Gene	HMOX1	HO-1	627	Gene	BDNF	CREB-BDNF	negatively regulates	->	0.166661	1	1	41242308
1312	Gene	COMT	COMT	627	Gene	BDNF	5-HT(1A)	positively regulates	->	0.166534	1	1	21449006
5281544	Chemical	Oleuropein	oleuropein	1956	Gene	EGFR	BDNF-TrkB-CaMKII	increases level of	->	0.166534	1	1	34628790
44719545	Chemical	Mescaline, 4-trideuteromethoxy	psychedelic drugs	627	Gene	BDNF	NMDARs	affects	->	0.166534	1	1	37414491
3091	Gene	HIF1A	proBDNF	2534	Gene	FYN	SYN	decreases level of	->	0.166236	1	1	32378057
3045380	Chemical	Lorpiprazole	lorpiprazole	627	Gene	BDNF	5-HT1A receptor	interacts with	<->	0.166236	1	1	35881145
627	Gene	BDNF	BDNF	6198	Gene	RPS6KB1	p70S6K	increases level of	->	0.166150	1	1	32396921
627	Gene	BDNF	BDNF		Disease	psychiatric comorbidity	psychiatric comorbidity	is associated with susceptibility to	<-	0.166057	1	1	31046037
	Disease	addiction	addiction	627	Gene	BDNF	BDNF	alters level of	->	0.166057	1	1	33757426
3350	Gene	HTR1A	HTR1A	627	Gene	BDNF	5-hydroxytryptamine receptor 2A	is part of	->	0.165936	1	1	19560507
627	Gene	BDNF	BDNF	1203	Disease	drug-induced mental disorder	mental disorders	contributes to	<-	0.165760	1	1	36567366
4780	Gene	NFE2L2	Nrf2	627	Gene	BDNF	CREB-BDNF	negatively regulates	->	0.165634	1	1	41242308
9105	Gene	HEVIN	hevin	627	Gene	BDNF	Purkinje cell protein 4	is part of	->	0.165548	1	1	21616539
627	Gene	BDNF	serotonin 5-HT1A receptor	3351	Gene	HTR1B	5-HT1B	negatively regulates	->	0.165548	1	1	24524096
627	Gene	BDNF	BDNF		Gene	NPTN-IT1-201	NPTN-IT1-201	interacts with	<->	0.165544	1	1	39145838
3091	Gene	HIF1A	BDNF-TrkB	778	Disease	delusional disorder	psychiatric disorders	is a therapeutic target in	<-	0.165385	1	1	37225683
2902	Gene	GRIN1	GluR2 subunit of the AMPA receptor	627	Gene	BDNF	Purkinje cell protein 4	is part of	->	0.165331	1	1	21616539
3386	Chemical	Fluoxetine	fluoxetine	627	Gene	BDNF	dopamine D2 receptor	positively regulates	->	0.165331	1	1	31288060
7898	Chemical	Cyanoacetamide	CaA	627	Gene	BDNF	Bdnf	affects	->	0.165331	1	1	33173990
2771	Chemical	Citalopram	citalopram	3569	Gene	IL6	BDNF-levels	increases level of	->	0.165157	1	1	23583029
627	Gene	BDNF	BDNF	6347	Gene	CCL2	MCP-1	decreases level of	->	0.165157	1	1	34280516
	Gene	BDNF132	BDNF132	1470	Disease	major depressive disorder	MDD	is associated with susceptibility to	<-	0.165080	1	1	37769873
0000543	Disease	memory loss	memory loss	627	Gene	BDNF	BDNF	alters level of	->	0.164941	2	1	37225683
7422	Gene	VEGFA	pCREB	627	Gene	BDNF	BDNF	increases level of	->	0.164764	1	1	19321972
76969675	Chemical	Indium chloride trihydrate	LPS	1956	Gene	EGFR	mTOR-BDNF	interacts with	<->	0.164764	1	1	35597333
627	Gene	BDNF	BDNF		Gene	CART-immunoreactivity	CART-immunoreactivity	decreases level of	->	0.164679	1	1	19755135
4780	Gene	NFE2L2	Nrf2	627	Gene	BDNF	BDNF	decreases level of	->	0.164588	1	1	36316319
627	Gene	BDNF	TrkB-CREB	2468	Disease	psychotic disorder	psychotic	is associated with susceptibility to	<-	0.164439	1	1	40729505
627	Gene	BDNF	MAOA-uVNTR	1035	Disease	aggressive NK-cell leukemia	aggression	is associated with susceptibility to	<-	0.164368	1	1	19357553
4914	Gene	NTRK1	SYT4-BDNF		Disease	anhedonic	anhedonic	is associated with susceptibility to	<-	0.164329	1	1	38297157
627	Gene	BDNF	PSA-NCAM	57030	Gene	SLC17A7	VGLUT1	positively regulates	->	0.164279	1	1	23022470
627	Gene	BDNF	BDNF	0020006	Disease	agitation	agitation	is associated with susceptibility to	<-	0.164259	2	1	16555165
627	Gene	BDNF	BDNF	6622	Gene	SNCA	α- and β-Syn	affects	->	0.164191	1	1	40015617
3091	Gene	HIF1A	proBDNF	5054	Gene	SERPINE1	PAI-1	affects	->	0.164013	1	1	39244009
5460341	Chemical	Calcium	CA		Disease	BDNF impairment	BDNF impairment	is used in therapy of	->	0.163941	1	1	35325888
627	Gene	BDNF	BDNF		Disease	monoamine acid disorder	monoamine acid disorder	contributes to	<-	0.163835	1	1	33765555
	Gene	NPYY1R	NPYY1R	627	Gene	BDNF	BDNF	increases level of	->	0.163835	1	1	38622072
3091	Gene	HIF1A	proBDNF	3569	Gene	IL6	tissue-type plasminogen activator	positively regulates	->	0.163790	1	1	28375203
23958	Chemical	Terbium	TB	627	Gene	BDNF	BDNF	increases level of	->	0.163790	1	1	40816402
	Disease	MDD.Neurotrophin	MDD.Neurotrophin	627	Gene	BDNF	BDNF	alters level of	->	0.163728	1	1	32027188
4804	Gene	NGFR	p75NTR	627	Gene	BDNF	mBDNF; BDNF	decreases level of	->	0.163656	3	1	23537780
16133850	Chemical	Teriparatide	thyroid hormones	627	Gene	BDNF	Adrenocorticotropic Hormone	positively regulates	->	0.163611	1	1	24080256
2100	Gene	ESR2	ERβ	627	Gene	BDNF	BDNF	decreases level of	->	0.163611	1	1	28544903
627	Gene	BDNF	adrenocorticotropic hormone	114548	Gene	NLRP3	AVP	positively regulates	->	0.163611	1	1	34369341
3091	Gene	HIF1A	proBDNF	5327	Gene	PLAT	tPA	affects	->	0.163611	1	1	39244009
9607	Gene	CARTPT	CART	627	Gene	BDNF	BDNF	decreases level of	->	0.163432	1	1	19755135
4803	Gene	NGF	NGF	627	Gene	BDNF	neurotrophin-3	affects	->	0.163432	1	1	32027188
627	Gene	BDNF	BDNF; glial cell line-derived neurotrophic factor	1826	Disease	epilepsy	epilepsy	is associated with susceptibility to	<-	0.163422	2	1	38069144
627	Gene	BDNF	alpha2-adrenergic receptors	0000059	Disease	hypotension	hypotension	is associated with susceptibility to	<-	0.163338	1	1	18208934
8404	Gene	SPARCL1	SPARCL1	627	Gene	BDNF	Purkinje cell protein 4	is part of	->	0.163252	1	1	21616539
5743	Gene	PTGS2	PTGS2	627	Gene	BDNF	BDNF	positively regulates	->	0.163252	1	1	27387895
627	Gene	BDNF	glial fibrillary acidic protein		Disease	ischaemia	ischaemia	is a biomarker of	<-	0.163122	1	1	12397151
627	Gene	BDNF	BDNF		Disease	neglect	neglect	is associated with susceptibility to	<-	0.163122	1	1	27261564
627	Gene	BDNF	BDNF	6616	Gene	SNAP25	snap25	decreases level of	->	0.163071	1	1	33181270
627	Gene	BDNF	TPH2-7-142	11051	Gene	NUDT21	TPH2-5-203	affects	->	0.163071	1	1	32738671
627	Gene	BDNF	BDNF	5594	Gene	MAPK1	Erk	negatively regulates	->	0.163071	1	1	34497360
2908	Gene	NR3C1	GR	627	Gene	BDNF	BDNF	positively regulates	->	0.162708	1	1	27387895
9567	Chemical	Mecloqualone	CaSF	627	Gene	BDNF	BDNF	increases level of	->	0.162708	1	1	40816402
9191	Chemical	Benzo(h)quinoline	(h)	627	Gene	BDNF	5-HT transporter	negatively regulates	->	0.162525	1	1	22171087
23235	Gene	SIK2	SIK2	627	Gene	BDNF	BDNF	affects	->	0.162525	1	1	36702294
627	Gene	BDNF	BDNF	9970	Disease	obesity	obesity	is a biomarker of	<-	0.162450	1	1	36059088
3091	Gene	HIF1A	BDNF-TrkB		Disease	cognitive deficits	cognitive deficits	is a therapeutic target in	<-	0.162435	1	1	37225683
2915	Chemical	Cystamine	cystamine	627	Gene	BDNF	BDNF-dependent	positively regulates	->	0.162342	1	1	16797865
15971881	Chemical	RuCl[(R,R)-Tsdpen](mesitylene)	TSD	627	Gene	BDNF	Glx	interacts with	<->	0.162279	2	1	35843368
1826	Chemical	5-Hydroxyindoleacetic Acid	5-HIAA; 5-hydroxyindoleacetic acid	627	Gene	BDNF	5-HT1A receptors	affects	->	0.162169	2	1	24657886
5761	Chemical	(+)-Lysergic acid diethylamide	LSD	627	Gene	BDNF	5-HT(2A) receptor	affects	->	0.162158	1	1	10889293
627	Gene	BDNF	BDNF	3439	Gene	IFNA1	IFN-α	positively regulates	->	0.162158	1	1	20667172
104752	Chemical	Tritium oxide	3H	627	Gene	BDNF	5-HT(2A) receptor	affects	->	0.161974	1	1	10889293
407006	Gene	MIR221	MiR-221	627	Gene	BDNF	BDNF	increases level of	->	0.161882	1	1	30589396
	Disease	CSDS	CSDS	627	Gene	BDNF	BDNF	alters level of	->	0.161777	1	1	35711008
627	Gene	BDNF	BDNF		Disease	anxious depression	anxious depression	is associated with susceptibility to	<-	0.161725	2	1	19236730
1958	Gene	EGR1	Egr-1	627	Gene	BDNF	BDNF	decreases level of	->	0.161696	1	1	30635928
5754	Chemical	Cortisol	cortisol	627	Gene	BDNF	adrenocorticotropic hormone	negatively regulates	->	0.161650	1	1	10451906
5159	Gene	PDGFRB	5-HT receptors	627	Gene	BDNF	5-HT1A,/1B	negatively regulates	->	0.161650	1	1	23706576
9966051	Chemical	Vortioxetine	vortioxetine	627	Gene	BDNF	BDNF	increases level of	->	0.161650	1	1	33560444
627	Gene	BDNF	BDNF	9352	Disease	type 2 diabetes mellitus	diabetes	is associated with susceptibility to	<-	0.161557	2	1	21422768
162643769	Chemical	Antiparasitic agent-2	antipsychotics	627	Gene	BDNF	BDNF	affects	->	0.161557	1	1	22094229
627	Gene	BDNF	D2/3 receptor		Disease	anhedonia	anhedonia	is a biomarker of	<-	0.161549	2	1	28870407
3091	Gene	HIF1A	proBDNF	7494	Gene	XBP1	kalirin-7	affects	->	0.161509	2	1	28284898
125017	Chemical	Desvenlafaxine	desvenlafaxine	627	Gene	BDNF	BDNF	increases level of	->	0.161277	1	1	26514447
121230829	Chemical	rac a-Methyl Kynurenine	KYNUA	627	Gene	BDNF	BDNF	increases level of	->	0.161277	1	1	38458412
627	Gene	BDNF	BDNF		Disease	RDD	RDD	is associated with susceptibility to	<-	0.161110	1	1	27994504
3091	Gene	HIF1A	proBDNF	1742	Gene	DLG4	PSD95	affects	->	0.161027	2	1	28284898
29040	Disease	SZT2	SZ	627	Gene	BDNF	BDNF	alters level of	->	0.160972	2	1	28509900
3091	Gene	HIF1A	proBDNF	2904	Gene	GRIN2B	NR2B	affects	->	0.160953	2	1	28284898
627	Gene	BDNF	glial fibrillary acidic protein	12105	Disease	inflammatory spondylopathy	inflammatory	is a therapeutic target in	<-	0.160831	1	1	33689861
6446	Gene	SGK1	SGK-1	627	Gene	BDNF	BDNF	decreases level of	->	0.160760	1	1	38004136
627	Gene	BDNF	BDNF	5054	Gene	SERPINE1	PAI-1	affects	->	0.160760	1	1	39244009
0080832	Disease	mild cognitive impairment	cognitive impairments	627	Gene	BDNF	BDNF	alters level of	->	0.160678	1	1	32044543
92389	Chemical	Aclonifen	LPS-challenged	627	Gene	BDNF	BDNF	affects	->	0.160571	1	1	33607235
627	Gene	BDNF	BDNF	5327	Gene	PLAT	tPA	affects	->	0.160428	1	1	39244009
6421	Chemical	Trichloroacetic Acid	TCA	627	Gene	BDNF	BDNF; neurotrophin 3	negatively regulates	->	0.160390	2	1	29102768
627	Gene	BDNF	BDNF	1813	Gene	DRD2	DRD2	decreases level of	->	0.160238	1	1	25148110
627	Gene	BDNF	BDNF		Disease	maltreatment	maltreatment	is associated with susceptibility to	<-	0.160057	1	1	25510949
71316674	Chemical	4-Ethyl trazodone	trazadone	627	Gene	BDNF	5-HT1A receptor; 5-HT1A receptors	interacts with	<->	0.159860	2	1	30194544
644280	Chemical	3',5',3-Triiodothyronine	free triiodothyronine	627	Gene	BDNF	adrenocorticotropic hormone	positively regulates	->	0.159759	1	1	31125758
627	Gene	BDNF	BDNF	0033429	Disease	Neuroinflammation	neuroinflammation	is associated with susceptibility to	<-	0.159745	1	1	41786805
627	Gene	BDNF	5-HT1A receptor; adrenocorticotropic hormone		Disease	suicide	suicide	is a therapeutic target in	<-	0.159672	2	1	16139805
627	Gene	BDNF	BDNF		Disease	neural damage	neural damage	is associated with susceptibility to	<-	0.159637	1	1	27837670
4174	Chemical	Metyrapone	metyrapone	627	Gene	BDNF	5-HT(1A)	negatively regulates	->	0.159566	1	1	20081253
182137	Chemical	Esketamine	ESK	627	Gene	BDNF	BDNF	interacts with	<->	0.159421	1	1	35597333
627	Gene	BDNF	BDNF		Disease	neuroinflammatory	neuroinflammatory	is a biomarker of	<-	0.159330	1	1	38934178
627	Gene	BDNF	5-HT2AR	3356	Gene	HTR2A	mGlu2/3R	affects	->	0.159276	1	1	25150943
4804	Gene	NGFR	p75NTR	3091	Gene	HIF1A	proBDNF	affects	->	0.159209	2	1	23537780
	Disease	anxiety-like	anxiety-like	627	Gene	BDNF	Bdnf	alters level of	->	0.159021	1	1	30449530
643989	Chemical	Manganese Chloride Tetrahydrate	5-HT-enhancing	627	Gene	BDNF	5-HT(1A)	positively regulates	->	0.158935	1	1	22050051
627	Gene	BDNF	BDNF	7494	Gene	XBP1	kalirin-7	affects	->	0.158822	2	1	28284898
627	Gene	BDNF	BDNF		Disease	executive dysfunction	executive dysfunction	is associated with susceptibility to	<-	0.158593	1	1	41825398
1066	Chemical	Quinolinic Acid	quinolinic acid	627	Gene	BDNF	BDNF	increases level of	->	0.158591	1	1	38458412
627	Gene	BDNF	BDNF		Disease	neuroplasticity	neuroplasticity	is associated with susceptibility to	<-	0.158397	1	1	41825398
627	Gene	BDNF	BDNF	3569	Gene	IL6	IL-6	increases level of	->	0.158295	1	1	19844754
5753	Chemical	Corticosterone	CORT	627	Gene	BDNF	BDNF	interacts with	<->	0.158295	1	1	35871433
627	Gene	BDNF	BDNF	2904	Gene	GRIN2B	NR2B	affects	->	0.158276	2	1	28284898
1956	Gene	EGFR	sortilin	3091	Gene	HIF1A	proBDNF	affects	->	0.158119	2	1	23537780
627	Gene	BDNF	BDNF	4804	Gene	NGFR	p75NTR	positively regulates	->	0.157998	1	1	32683649
6750	Gene	SST	SST	627	Gene	BDNF	BDNF	increases level of	->	0.157998	1	1	38664360
183116	Chemical	Seiricardine A	SeI	627	Gene	BDNF	5-HT1A receptor	negatively regulates	->	0.157898	1	1	35605134
5656	Chemical	Venlafaxine	venlafaxine	627	Gene	BDNF	BDNF	affects	->	0.157848	1	1	18511076
3810784	Chemical	2-[(3,4-Dimethylphenyl)sulfanyl]acetic acid	1-[2-(2,4-Dimethylphenyl-sulfanyl)-phenyl]-piperazine	627	Gene	BDNF	5-HT transporter	negatively regulates	->	0.157848	1	1	22171087
4101	Chemical	Hexamethylenetetramine	Neurotropin	627	Gene	BDNF	BDNF	affects	->	0.157848	1	1	31188139
627	Gene	BDNF	5-HT1A receptor	2475	Gene	MTOR	mTOR	positively regulates	->	0.157848	1	1	32396921
3386	Chemical	Fluoxetine	Fluoxetine	627	Gene	BDNF	Doublecortin	interacts with	<->	0.157648	1	1	22833211
	Disease	suicidality.Key	suicidality.Key	627	Gene	BDNF	BDNF	alters level of	->	0.157607	1	1	32027188
1956	Gene	EGFR	BDNF-targeting	4790	Gene	NFKB1	miR-29a-3p	decreases level of	->	0.157247	2	1	40749756
554	Gene	AVPR2	pAVP	627	Gene	BDNF	adrenocorticotropic hormone	affects	->	0.157196	1	1	10913509
22861	Gene	NLRP1	NLRP1	627	Gene	BDNF	BDNF	interacts with	<->	0.157145	1	1	38178196
627	Gene	BDNF	BDNF	10930	Disease	borderline personality disorder	BPD	contributes to	<-	0.157051	1	1	36567366
3821	Chemical	Ketamine	ketamine	627	Gene	BDNF	NMDARs	affects	->	0.157044	1	1	37414491
23656595	Chemical	2-(2,4-Dichlorophenoxy)-5-(hydroxymethyl)phenol	FT3	627	Gene	BDNF	adrenocorticotropic hormone	positively regulates	->	0.156892	1	1	31125758
25817650	Chemical	[(3R)-3-{[(4-fluorophenyl)sulfonyl](methyl)amino}-1,2,3,4-tetrahydro-9H-carbazol-9-yl]acetic acid	FT4	627	Gene	BDNF	adrenocorticotropic hormone	positively regulates	->	0.156892	1	1	31125758
6303	Chemical	Cordycepin	COR	627	Gene	BDNF	adrenocorticotropic hormone	positively regulates	->	0.156892	1	1	31125758
407006	Gene	MIR221	MiR-221	627	Gene	BDNF	BDNF	decreases level of	->	0.156739	1	1	30589396
596	Gene	BCL2	bcl-2	627	Gene	BDNF	Doublecortin	increases level of	->	0.156586	1	1	22833211
627	Gene	BDNF	CREB-BDNF	2978	Disease	carbohydrate metabolic disorder	metabolic	contributes to	<-	0.156440	1	1	41242308
627	Gene	BDNF	BDNF	7422	Gene	VEGFA	VEGF	positively regulates	->	0.156432	1	1	20417690
6532	Gene	SLC6A4	SERT	627	Gene	BDNF	Doublecortin	increases level of	->	0.156432	1	1	22833211
1641	Gene	DCX	DCX	627	Gene	BDNF	PSA-NCAM	increases level of	->	0.156432	1	1	23260340
4338370	Chemical	2-Nitro-4-phenylenediamine	GABA-related	627	Gene	BDNF	BDNF-dependent	decreases level of	->	0.156381	1	1	23128924
6717	Gene	SRI	SRI	627	Gene	BDNF	Doublecortin	increases level of	->	0.156278	1	1	22833211
0110042	Disease	Alzheimer's disease 3	Alzheimer's disease	627	Gene	BDNF	BDNF	alters level of	->	0.156253	1	1	21133708
2064	Gene	ERBB2	miR-146a-3p	627	Gene	BDNF	BDNF	affects	->	0.156175	1	1	41825795
mir-16-5p	miRNA	mir-16-5p	mir-16-5p	627	Gene	BDNF	BDNF	affects	->	0.155785	1	1	40749756
5460341	Chemical	Calcium	calcium	627	Gene	BDNF	glial fibrillary acidic protein	affects	->	0.155710	1	1	36996718
627	Gene	BDNF	5-hydroxytryptamine receptor 2A; BDNF	1312	Gene	COMT	COMT	positively regulates	->	0.155498	2	1	31721892
5136	Gene	PDE1A	PDE1A	627	Gene	BDNF	BDNF	increases level of	->	0.155292	1	1	38664360
351	Gene	APP	Aβ	627	Gene	BDNF	glial fibrillary acidic protein	decreases level of	->	0.155292	1	1	39152102
	Chemical	SA	SA	627	Gene	BDNF	BDNF	affects	->	0.154996	1	1	28942954
627	Gene	BDNF	BDNF	998	Disease	eosinophilia-myalgia syndrome	EOS	is associated with susceptibility to	<-	0.154971	1	1	22801293
627	Gene	BDNF	BDNF	0700285	Disease	DMD-related muscular dystrophy	DM	is a therapeutic target in	<-	0.154971	1	1	27387295
627	Gene	BDNF	BDNF		Disease	synaptic deficits	synaptic deficits	is a therapeutic target in	<-	0.154828	1	1	22036038
627	Gene	BDNF	BDNF	4233	Gene	MET	Met	is part of	->	0.154713	1	1	28848102
146570	Chemical	Escitalopram	escitalopram	627	Gene	BDNF	BDNF	increases level of	->	0.154713	1	1	33560444
12858	Disease	Huntington's disease	Huntington's disease	627	Gene	BDNF	BDNF	alters level of	->	0.154705	1	1	21133708
627	Gene	BDNF	NMDARs		Gene	NMDAR-induced	NMDAR-induced	affects	->	0.154618	1	1	24454710
627	Gene	BDNF	BDNF	146713	Gene	RBFOX3	NeuN	affects	->	0.154447	1	1	35029704
627	Gene	BDNF	BDNF	29040	Disease	SZT2	SZ	contributes to	<-	0.154293	1	1	36567366
627	Gene	BDNF	Doublecortin	1641	Gene	DCX	DCX	increases level of	->	0.154287	1	1	23260340
0009312	Disease	lipodystrophy due to peptidic growth factors deficiency	deficiency of growth factors	627	Gene	BDNF	BDNF	alters level of	->	0.154049	1	1	32044543
627	Gene	BDNF	glial fibrillary acidic protein		Disease	CSDS	CSDS	is a therapeutic target in	<-	0.153939	1	1	33689861
	Disease	suicidal ideation and behaviours	suicidal ideation and behaviours	627	Gene	BDNF	BDNF	alters level of	->	0.153853	1	1	32027188
627	Gene	BDNF	D2/3 receptor	0000412	Disease	anxiety	anxiety	is a therapeutic target in	<-	0.153769	1	1	28870407
10933	Disease	obsessive-compulsive disorder	obsessive-compulsive disorder	627	Gene	BDNF	BDNF	alters level of	->	0.153769	1	1	33757426
627	Gene	BDNF	TrkB-CREB		Disease	effects	effects	is associated with susceptibility to	<-	0.153768	1	1	40729505
4804	Gene	NGFR	p75NTR	3091	Gene	HIF1A	proBDNF	decreases level of	->	0.153678	3	1	23537780
627	Gene	BDNF	5HTT-LPR		Disease	Neuroticism	Neuroticism	contributes to	<-	0.153596	1	1	16319503
33032	Chemical	L-Glutamic Acid	glutamate	627	Gene	BDNF	glial fibrillary acidic protein	positively regulates	->	0.153588	1	1	28738332
9210	Chemical	Quinazoline	QUINA	627	Gene	BDNF	BDNF	increases level of	->	0.153588	1	1	38458412
6272	Gene	SORT1	NT-3	627	Gene	BDNF	neurotrophin-4	is part of	->	0.153316	1	1	18313696
10624	Chemical	Psilocybin	psilocybin	627	Gene	BDNF	NMDARs	affects	->	0.153316	1	1	37414491
4128	Gene	MAOA	MAOA	627	Gene	BDNF	BDNF	increases level of	->	0.153316	1	1	38664360
	Disease	BED	BED	627	Gene	BDNF	BDNF	alters level of	->	0.153251	1	1	15997610
169450070	Chemical	(3-Fluoranyl-5-oxidanyl-phenyl)-(3-methoxy-5-nitro-4-oxidanyl-phenyl)methanone	piTBS	627	Gene	BDNF	BDNF	positively regulates	->	0.153207	1	1	34715162
627	Gene	BDNF	BDNF	373156	Gene	GSTK1	GST	negatively regulates	->	0.153043	1	1	37078814
172677442	Chemical	Glucocorticoid receptor drug-linke 1	glucocorticoid-related	627	Gene	BDNF	BDNF	increases level of	->	0.153043	1	1	38004136
9973	Disease	substance dependence	substance use disorders	627	Gene	BDNF	BDNF	alters level of	->	0.152986	1	1	33757426
565185	Chemical	Furan-2-carbonyl furan-2-carboxylate	[carbonyl-11C]WAY-100635	627	Gene	BDNF	serotonin 5-HT1A receptor	decreases level of	->	0.152934	1	1	17971260
	Gene	h5-HT(1B) receptor	h5-HT(1B) receptor	627	Gene	BDNF	5-HT transporter	negatively regulates	->	0.152903	1	1	22171087
1956	Gene	EGFR	mTOR-BDNF		Disease	depression-like	depression-like	is a biomarker of	<-	0.152641	1	1	35597333
627	Gene	BDNF	BDNF		Disease	MD-D	MD-D	is associated with susceptibility to	<-	0.152597	1	1	21510922
5697	Gene	PYY	PYY	627	Gene	BDNF	BDNF	affects	->	0.152548	1	1	22183081
4780	Gene	NFE2L2	Nrf2	627	Gene	BDNF	BDNF	is part of	->	0.152271	1	1	36316319
627	Gene	BDNF	Beck Depression Inventory-II		Disease	MS	MS	contributes to	<-	0.151935	1	1	26746809
	Disease	hyperglycaemia	hyperglycaemia	627	Gene	BDNF	BDNF	alters level of	->	0.151935	1	1	38301816
627	Gene	BDNF	Disrupted-in-schizophrenia 1		Disease	familial psychosis	familial psychosis	is associated with susceptibility to	<-	0.151579	1	1	16959794
1470	Disease	major depressive disorder	MDD		Disease	BDNF dysfunction	BDNF dysfunction	mimics	->	0.151544	1	1	34982395
627	Gene	BDNF	ERN	0004835	Disease	necrotizing fasciitis	internalizing symptoms	is associated with susceptibility to	<-	0.151439	1	1	34688921
638678	Chemical	Protirelin	TRH	627	Gene	BDNF	adrenocorticotropic hormone	negatively regulates	->	0.151091	1	1	10451906
6622	Gene	SNCA	neurogranin	627	Gene	BDNF	neurotrophic factors	is part of	->	0.151091	1	1	31760473
627	Gene	BDNF	BDNF		Gene	BDNF133	BDNF133	affects	->	0.150812	1	1	34418778
627	Gene	BDNF	BDNF		Gene	BDNF134	BDNF134	affects	->	0.150812	1	1	34418778
627	Gene	BDNF	neurotrophic factors	0110738	Disease	neurodegeneration with brain iron accumulation 4	neurodegeneration	is a biomarker of	<-	0.150765	1	1	31760473
627	Gene	BDNF	BDNF	4780	Gene	NFE2L2	glutathione reductase	negatively regulates	->	0.150748	1	1	37078814
1742	Gene	DLG4	PSD-95	627	Gene	BDNF	BDNF	decreases level of	->	0.150748	1	1	36842657
3308	Gene	HSPA4	HSP70	627	Gene	BDNF	BDNF	is part of	->	0.150633	1	1	28550365
22880	Chemical	Nmda	N-methyl-D-aspartate	627	Gene	BDNF	BDNF	negatively regulates	->	0.150519	1	1	22036038
124886	Chemical	Glutathione	glutathione	627	Gene	BDNF	BDNF	increases level of	->	0.150519	1	1	38458412
1470	Disease	major depressive disorder	depression		Gene	BDNF-5-HT2A	BDNF-5-HT2A	alters level of	->	0.150369	1	1	28544903
6696	Gene	SPP1	OPN	627	Gene	BDNF	BDNF	decreases level of	->	0.150346	1	1	36842657
4137	Gene	MAPT	tau	627	Gene	BDNF	neurotrophic factors	is part of	->	0.150114	1	1	31760473
627	Gene	BDNF	BDNF		Disease	dysfunctions of the hypothalamic-pituitary-adrenal axis	dysfunctions of the hypothalamic-pituitary-adrenal axis	is associated with susceptibility to	<-	0.150034	1	1	20714169
163196316	Chemical	Cap-dependent endonuclease-IN-7	NMDA-dependent	627	Gene	BDNF	NMDARs	interacts with	<->	0.149998	1	1	24454710
1268	Gene	CNR1	CNR1	627	Gene	BDNF	BDNF	increases level of	->	0.149998	1	1	38664360
1325	Gene	CORT	CORT		Gene	BDNF-heterozygous	BDNF-heterozygous	negatively regulates	->	0.149895	1	1	21912391
1394	Gene	CRHR1	CRHR1	627	Gene	BDNF	BDNF	affects	->	0.149765	1	1	22194899
mir-191-5p	miRNA	mir-191-5p	mir-191-5p	1956	Gene	EGFR	BDNF-targeting	affects	->	0.149663	1	1	40749756
588	Chemical	creatinine	SFN-treated	627	Gene	BDNF	BDNF	decreases level of	->	0.149648	1	1	36316319
627	Gene	BDNF	BDNF		Disease	learning and delayed recall dysfunctions	learning and delayed recall dysfunctions	contributes to	<-	0.149150	1	1	30929060
139026063	Chemical	(2E,6E)-3,7-Dimethyl-11-(methyl-d3)-2,6,10-dodecatrien-12,12,12-d3-1-ol	[(11)C]P943	627	Gene	BDNF	5-HT(1B) receptor	affects	->	0.148940	1	1	20480149
46194816	Chemical	N8CG9437DN	SSRI	627	Gene	BDNF	Beck Depression Inventory-II	affects	->	0.148583	1	1	29627898
627	Gene	BDNF	BDNF		Disease	depression-like	depression-like	is associated with susceptibility to	<-	0.148105	1	1	23653679
135398721	Chemical	Neopterin	neopterin	627	Gene	BDNF	inflammation-sensitive	affects	->	0.148102	1	1	15589561
chronic_stress	DeprTerms	chronic stress	Chronic stress	627	Gene	BDNF	BDNF	is associated with	<->	0.148017	1	1	37799103
5999	Gene	RGS4	RGS4		Gene	BDNF-heterozygous	BDNF-heterozygous	negatively regulates	->	0.147283	1	1	21912391
	Disease	MDD-associated	MDD-associated	627	Gene	BDNF	Bdnf	alters level of	->	0.147137	1	1	30449530
1401	Gene	CRP	CRP	627	Gene	BDNF	BDNF	increases level of	->	0.147126	1	1	39957158
627	Gene	BDNF	neurotrophic factors	7422	Gene	VEGFA	VEGF	is part of	->	0.147003	1	1	31760473
3091	Gene	HIF1A	ProBDNF	348	Gene	APOE	brain-derived neurotrophic factor	positively regulates	->	0.146879	1	1	32683649
64005	Gene	MYO1G	HA2	1956	Gene	EGFR	BDNF-HA2TAT	is part of	->	0.146506	1	1	26935651
	Disease	depression-associated	depression-associated	627	Gene	BDNF	miR-132-3p	alters level of	->	0.146447	1	1	34013455
3091	Gene	HIF1A	BDNF-TrkB	4915	Gene	NTRK2	TrkB	interacts with	<->	0.146381	1	1	23960204
3091	Gene	HIF1A	BDNF-TrkB	5914	Gene	RARA	RARα	interacts with	<->	0.146381	1	1	23960204
6013	Chemical	Testosterone	testosterone	627	Gene	BDNF	adrenocorticotropic hormone	positively regulates	->	0.146067	1	1	31125758
64005	Gene	MYO1G	HA2	627	Gene	BDNF	BDNF	is part of	->	0.145751	1	1	26935651
6863	Gene	TAC1	TAC1		Gene	BDNF-heterozygous	BDNF-heterozygous	negatively regulates	->	0.145647	1	1	21912391
627	Gene	BDNF	BDNF	2908	Gene	NR3C1	GR	negatively regulates	->	0.145497	1	1	37078814
627	Gene	BDNF	BDNF		Disease	CA	CA	is associated with susceptibility to	<-	0.145495	1	1	20703451
	Gene	BDNF133	BDNF133		Gene	BDNF134	BDNF134	affects	->	0.145321	1	1	34418778
627	Gene	BDNF	α2-adrenergic	3553	Gene	IL1B	α1-adrenergic	negatively regulates	->	0.145268	2	1	29676236
6898	Gene	TAT	TAT	1956	Gene	EGFR	BDNF-HA2TAT	is part of	->	0.144791	1	1	26935651
627	Gene	BDNF	FK506-binding-protein-5		Gene	Corticotrophin-releasing-hormone-receptor-1	Corticotrophin-releasing-hormone-receptor-1	interacts with	<->	0.144730	1	1	25086452
627	Gene	BDNF	BDNF	3479	Gene	IGF1	IGF-1	decreases level of	->	0.144727	1	1	32044543
759	Gene	CA1	CA1	627	Gene	BDNF	CA2/3	positively regulates	->	0.144597	1	1	30656862
627	Gene	BDNF	BDNF		Disease	childhood abuse	childhood abuse	is associated with susceptibility to	<-	0.144473	1	1	20703451
627	Gene	BDNF	D2/3 receptor		Disease	anhedonia	anhedonia	is a therapeutic target in	<-	0.144369	1	1	28870407
627	Gene	BDNF	BDNF	0070743	Disease	congenital facial palsy with ptosis and velopharyngeal dysfunction	Cognitive dysfunction	is a therapeutic target in	<-	0.144306	1	1	33560444
4852	Gene	NPY	NPY		Gene	BDNF-heterozygous	BDNF-heterozygous	negatively regulates	->	0.144110	1	1	21912391
6898	Gene	TAT	TAT	627	Gene	BDNF	BDNF	is part of	->	0.144075	1	1	26935651
3091	Gene	HIF1A	ProBDNF	4804	Gene	NGFR	p75NTR	positively regulates	->	0.144075	1	1	32683649
0111250	Disease	Parkinson's disease 3	Parkinson's disease	627	Gene	BDNF	BDNF	alters level of	->	0.144067	1	1	21133708
29040	Disease	SZT2	SZ	3091	Gene	HIF1A	proBDNF	alters level of	->	0.143767	1	1	28509900
627	Gene	BDNF	NMDARs		Disease	psychotomimetic	psychotomimetic	is a therapeutic target in	<-	0.143744	1	1	34433031
	Disease	MDD-like	MDD-like	627	Gene	BDNF	Bdnf	alters level of	->	0.143269	1	1	30449530
146570	Chemical	Escitalopram	escitalopram	3091	Gene	HIF1A	proBDNF	affects	->	0.143148	1	1	28375203
mir-191-5p	miRNA	mir-191-5p	mir-191-5p	627	Gene	BDNF	BDNF	affects	->	0.142960	1	1	40749756
60835	Chemical	Duloxetine	duloxetine	3091	Gene	HIF1A	proBDNF	affects	->	0.142946	1	1	28375203
6750	Gene	SST	SST		Gene	BDNF-heterozygous	BDNF-heterozygous	negatively regulates	->	0.142897	1	1	21912391
627	Gene	BDNF	BDNF	7453	Gene	WARS1	γ2	decreases level of	->	0.142745	1	1	25107590
627	Gene	BDNF	BDNF	114548	Gene	NLRP3	NLRP3	affects	->	0.142745	1	1	42195059
54209	Gene	TREM2	TREM2	627	Gene	BDNF	BDNF	decreases level of	->	0.142677	1	1	36316319
627	Gene	BDNF	Beck Depression Inventory-II		Disease	somatic illness	somatic illness	contributes to	<-	0.142306	1	1	26746809
627	Gene	BDNF	BDNF	29126	Gene	CD274	miR-191-5p	decreases level of	->	0.141928	1	1	40749756
627	Gene	BDNF	BDNF		Disease	CKD	CKD	is associated with susceptibility to	<-	0.141817	1	1	26175142
627	Gene	BDNF	BDNF	5027	Gene	P2RX7	P2RX7:2230912	affects	->	0.141376	1	1	20226536
627	Gene	BDNF	BDNF	0041086	Disease	mixed anxiety and depressive disorder	mixed anxiety depression	is associated with susceptibility to	<-	0.141233	1	1	20226536
627	Gene	BDNF	BDNF	775	Gene	CACNA1C	CACNA1C	affects	->	0.140817	1	1	20226536
7166	Gene	TPH1	TPH1	627	Gene	BDNF	5-hydroxytryptamine receptor 2A	positively regulates	->	0.140817	1	1	31721892
2902	Gene	GRIN1	NR2C/D	627	Gene	BDNF	NMDARs	negatively regulates	->	0.140606	1	1	33314505
2882138	Chemical	Antidepressant agent 1	antidepressants	627	Gene	BDNF	BDNF	affects	->	0.140323	1	1	22094229
6622	Gene	SNCA	tryptophan hydroxylase 1	627	Gene	BDNF	5-hydroxytryptamine receptor 2A	positively regulates	->	0.139823	1	1	31721892
6774	Gene	STAT3	zinc transporter-3	627	Gene	BDNF	BDNF; serotonin receptor 1A (HT1A) and 2A (	affects	->	0.139736	2	1	32191745
5243	Gene	ABCB1	serotonin (5-HT)(3A) receptor	627	Gene	BDNF	5-HT transporter	negatively regulates	->	0.139679	1	1	22171087
	Disease	MDDs	MDDs		Disease	BDNF dysfunction	BDNF dysfunction	mimics	->	0.139488	1	1	34982395
627	Gene	BDNF	BDNF		Disease	MDD.ClinicalTrials.gov	MDD.ClinicalTrials.gov	is associated with susceptibility to	<-	0.139119	1	1	29334322
7781	Gene	SLC30A3	ZnT3	627	Gene	BDNF	BDNF; serotonin receptor 1A (HT1A) and 2A (	affects	->	0.138989	2	1	32191745
6531	Gene	SLC6A3	DAT1	627	Gene	BDNF	BDNF; serotonin receptor 1A (HT1A) and 2A (	affects	->	0.138989	2	1	32191745
7421	Gene	VDR	VDR	627	Gene	BDNF	BDNF; serotonin receptor 1A (HT1A) and 2A (	affects	->	0.138931	2	1	32191745
	Disease	despair	despair	627	Gene	BDNF	BDNF	alters level of	->	0.138419	1	1	38004136
119	Chemical	Gamma-Aminobutyric Acid	GABA		Gene	BDNF-heterozygous	BDNF-heterozygous	affects	->	0.138360	1	1	23128924
2289	Gene	FKBP5	FKBP5	627	Gene	BDNF	BDNF	affects	->	0.137918	1	1	20226536
0000061	Disease	inflammation	inflammation		Disease	BDNF impairment	BDNF impairment	leads to	->	0.137684	1	1	35325888
324	Gene	APC	GS	627	Gene	BDNF	glial fibrillary acidic protein	affects	->	0.137542	1	1	20580095
0000412	Disease	anxiety	anxiety	627	Gene	BDNF	doublecortin	alters level of	->	0.137389	1	1	33737174
	Disease	anhedonia	anhedonia	627	Gene	BDNF	BDNF	alters level of	->	0.137229	1	1	38004136
627	Gene	BDNF	BDNF		Gene	5-hydrox-ytryptamine 2C receptor	5-hydrox-ytryptamine 2C receptor	increases level of	->	0.136987	1	1	39957158
1470	Disease	major depressive disorder	MDD		Disease	BDNF impairment	BDNF impairment	leads to	->	0.136809	1	1	35325888
627	Gene	BDNF	BDNF	6898	Gene	TAT	TAT	is part of	->	0.136552	1	1	26935651
627	Gene	BDNF	BDNF	64005	Gene	MYO1G	HA2	is part of	->	0.136552	1	1	26935651
5290	Gene	PIK3CA	PI3K	627	Gene	BDNF	BDNF	interacts with	<->	0.136397	1	1	38178196
2475	Gene	MTOR	mTOR	627	Gene	BDNF	BDNF	interacts with	<->	0.136397	1	1	38178196
627	Gene	BDNF	BDNF; serotonin receptor 1A (HT1A) and 2A (	4846	Gene	NOS3	HT2A)	affects	->	0.135812	2	1	32191745
3091	Gene	HIF1A	proBDNF	4804	Gene	NGFR	p75NTR	decreases level of	->	0.135696	1	1	23537780
	Chemical	T	T	627	Gene	BDNF	adrenocorticotropic hormone	positively regulates	->	0.135194	1	1	31125758
6168549	Chemical	2-Decenoic acid N-acetylcysteamine thioester	NβCs	627	Gene	BDNF	5-HT1A receptor	interacts with	<->	0.134824	1	1	35881145
6532	Gene	SLC6A4	SLC6A4	627	Gene	BDNF	5-hydroxytryptamine receptor 2A	positively regulates	->	0.133689	1	1	31721892
627	Gene	BDNF	BDNF	0006663	Disease	perinatal asphyxia	perinatal depression	is associated with susceptibility to	<-	0.132828	1	1	34663990
627	Gene	BDNF	adrenocorticotropic hormone	1636	Gene	ACE	ACE	decreases level of	->	0.132776	1	1	40445583
3033769	Chemical	Raclopride	raclopride	627	Gene	BDNF	dopamine D2 receptor	affects	->	0.132439	1	1	18251011
10353878	Chemical	Leu-Thr	LT	627	Gene	BDNF	Glx	interacts with	<->	0.132185	1	1	35843368
7349	Gene	UCN	Ucn1	627	Gene	BDNF	BDNF	affects	->	0.131930	1	1	18329817
	Chemical	mood stabilizers	mood stabilizers	627	Gene	BDNF	BDNF	affects	->	0.131652	1	1	22094229
3553	Gene	IL1B	α1-adrenergic	627	Gene	BDNF	5-HT1A serotonergic receptors	negatively regulates	->	0.131584	2	1	29676236
33032	Chemical	L-Glutamic Acid	Glu	627	Gene	BDNF	Glx	interacts with	<->	0.131241	1	1	35843368
627	Gene	BDNF	BDNF		Gene	5HT2CR	5HT2CR	increases level of	->	0.131103	1	1	39957158
33032	Chemical	L-Glutamic Acid	glutamate	627	Gene	BDNF	NMDARs	increases level of	->	0.130805	1	1	36848775
86962	Chemical	2-Oxoheptanedioic acid	SLKX	627	Gene	BDNF	CREB-BDNF	affects	->	0.130717	1	1	41242308
1956	Gene	EGFR	BDNF-targeting	29126	Gene	CD274	miR-191-5p	decreases level of	->	0.130364	1	1	40749756
3383	Gene	ICAM1	ICAM-1	627	Gene	BDNF	glial fibrillary acidic protein	decreases level of	->	0.128277	1	1	21536333
6530	Gene	SLC6A2	SLC6A2	627	Gene	BDNF	BDNF	affects	->	0.128184	1	1	25990886
627	Gene	BDNF	BDNF	6622	Gene	SNCA	tryptophan hydroxylase 1	positively regulates	->	0.127904	1	1	31721892
627	Gene	BDNF	BDNF		Disease	Diagnostic and Statistical Manual of Mental Disorders-IV MDD	Diagnostic and Statistical Manual of Mental Disorders-IV MDD	is associated with susceptibility to	<-	0.127198	1	1	21188787
627	Gene	BDNF	BDNF		Disease	PND	PND	is associated with susceptibility to	<-	0.127122	1	1	34663990
627	Gene	BDNF	BDNF	7166	Gene	TPH1	TPH1	positively regulates	->	0.126860	1	1	31721892
581	Gene	BAX	Bax	627	Gene	BDNF	BDNF	interacts with	<->	0.125193	1	1	38178196
	Chemical	DA	DA	627	Gene	BDNF	Glx	interacts with	<->	0.124783	1	1	35843368
596	Gene	BCL2	Bcl2	627	Gene	BDNF	BDNF	interacts with	<->	0.123039	1	1	38178196
627	Gene	BDNF	α2-adrenergic	154	Gene	ADRB2	α2 and β-adrenergic receptors	negatively regulates	->	0.122187	1	1	29676236
1272	Gene	CNTN1	Cntn1	627	Gene	BDNF	doublecortin	increases level of	->	0.121985	2	1	33737174
154	Gene	ADRB2	α2 and β-adrenergic receptors	627	Gene	BDNF	5-HT1A serotonergic receptors	negatively regulates	->	0.117757	1	1	29676236
627	Gene	BDNF	BDNF		Gene	cysteinyl aspartate-specific proteinase-3	cysteinyl aspartate-specific proteinase-3	interacts with	<->	0.114627	1	1	38178196
3552	Gene	IL1A	IL1α	627	Gene	BDNF	doublecortin	increases level of	->	0.108718	1	1	33737174
6347	Gene	CCL2	Ccl2	627	Gene	BDNF	doublecortin	increases level of	->	0.108718	1	1	33737174
4360	Gene	MRC1	CD206	627	Gene	BDNF	doublecortin	increases level of	->	0.108718	1	1	33737174
